﻿時間,Top1,Top2,Top3,Top4,Top5,Top6,Top7,Top8,Top9,Top10,Top11,Top12,Top13,Top14,Top15,Top16,Top17,Top18,Top19,Top20
2025-04-06 14:34:42,童書/青少年文學(13),商業理財(8),語言學習(8),文學小說(5),宗教命理(4),心理勵志(4),人文社科(3),影視偶像(2),考試用書(1),醫療保健(1),限制級商品（需登入）(1),,,,,,,,,
2025-04-06 14:48:25,童書/青少年文學(13),商業理財(9),心理勵志(8),語言學習(5),文學小說(5),人文社科(3),宗教命理(3),影視偶像(1),限制級商品（需登入）(1),考試用書(1),醫療保健(1),,,,,,,,,
2025-04-06 15:17:48,童書/青少年文學(12),商業理財(9),心理勵志(8),語言學習(6),文學小說(5),人文社科(3),宗教命理(3),影視偶像(1),限制級商品（需登入）(1),考試用書(1),醫療保健(1),,,,,,,,,
2025-04-06 16:21:28,心理勵志(11),商業理財(10),語言學習(6),文學小說(5),童書/青少年文學(5),人文社科(4),宗教命理(3),醫療保健(2),影視偶像(1),限制級商品（需登入）(1),考試用書(1),飲食(1),,,,,,,,
2025-04-06 17:17:38,商業理財(11),心理勵志(11),語言學習(6),童書/青少年文學(6),文學小說(4),人文社科(4),宗教命理(3),影視偶像(1),限制級商品（需登入）(1),考試用書(1),醫療保健(1),飲食(1),,,,,,,,
2025-04-06 18:19:18,商業理財(10),心理勵志(10),童書/青少年文學(6),文學小說(5),語言學習(5),人文社科(4),宗教命理(3),醫療保健(2),影視偶像(1),限制級商品（需登入）(1),考試用書(1),親子教養(1),飲食(1),,,,,,,
2025-04-06 19:15:32,商業理財(11),心理勵志(11),語言學習(6),童書/青少年文學(5),人文社科(4),宗教命理(3),文學小說(3),醫療保健(2),影視偶像(1),限制級商品（需登入）(1),考試用書(1),飲食(1),親子教養(1),,,,,,,
2025-04-06 20:30:37,商業理財(12),心理勵志(9),語言學習(7),童書/青少年文學(6),人文社科(4),文學小說(3),宗教命理(3),醫療保健(2),影視偶像(1),限制級商品（需登入）(1),考試用書(1),飲食(1),,,,,,,,
2025-04-06 21:24:55,商業理財(12),心理勵志(10),語言學習(6),文學小說(5),童書/青少年文學(5),宗教命理(3),人文社科(3),醫療保健(2),影視偶像(1),限制級商品（需登入）(1),考試用書(1),飲食(1),,,,,,,,
2025-04-06 22:17:35,商業理財(13),心理勵志(8),語言學習(7),文學小說(6),人文社科(4),童書/青少年文學(3),宗教命理(3),醫療保健(2),影視偶像(1),飲食(1),限制級商品（需登入）(1),考試用書(1),,,,,,,,
2025-04-06 23:17:37,商業理財(15),心理勵志(8),文學小說(6),語言學習(5),人文社科(4),宗教命理(3),童書/青少年文學(3),醫療保健(2),影視偶像(2),飲食(1),限制級商品（需登入）(1),,,,,,,,,
2025-04-07 00:20:31,童書/青少年文學(14),商業理財(10),文學小說(6),心理勵志(4),電腦資訊(3),醫療保健(3),人文社科(3),影視偶像(2),語言學習(2),藝術設計(1),親子教養(1),國中小參考書(1),,,,,,,,
2025-04-07 01:16:15,文學小說(18),童書/青少年文學(11),語言學習(4),商業理財(4),人文社科(3),心理勵志(3),生活風格(3),醫療保健(2),宗教命理(2),,,,,,,,,,,
2025-04-07 02:22:42,文學小說(11),童書/青少年文學(11),語言學習(8),商業理財(5),心理勵志(5),人文社科(3),生活風格(3),宗教命理(2),醫療保健(1),飲食(1),,,,,,,,,,
2025-04-07 03:15:14,文學小說(12),語言學習(11),童書/青少年文學(9),心理勵志(5),人文社科(4),商業理財(4),醫療保健(2),生活風格(2),宗教命理(1),,,,,,,,,,,
2025-04-07 04:19:22,文學小說(11),童書/青少年文學(11),語言學習(8),商業理財(6),人文社科(5),心理勵志(5),醫療保健(2),宗教命理(1),生活風格(1),,,,,,,,,,,
2025-04-07 05:17:27,文學小說(10),語言學習(9),童書/青少年文學(9),人文社科(7),心理勵志(5),商業理財(4),醫療保健(2),飲食(2),宗教命理(1),親子教養(1),,,,,,,,,,
2025-04-07 06:17:19,文學小說(11),語言學習(9),童書/青少年文學(9),人文社科(6),商業理財(5),心理勵志(5),醫療保健(2),宗教命理(1),親子教養(1),飲食(1),,,,,,,,,,
2025-04-07 07:17:34,語言學習(9),童書/青少年文學(9),文學小說(8),人文社科(8),商業理財(6),心理勵志(5),醫療保健(2),宗教命理(2),限制級商品（需登入）(1),,,,,,,,,,,
2025-04-07 09:16:16,童書/青少年文學(11),語言學習(9),文學小說(8),心理勵志(7),商業理財(4),人文社科(4),醫療保健(2),宗教命理(2),藝術設計(2),限制級商品（需登入）(1),,,,,,,,,,
2025-04-07 11:05:44,童書/青少年文學(11),語言學習(8),文學小說(7),心理勵志(7),人文社科(6),商業理財(5),宗教命理(2),醫療保健(2),國中小參考書(1),限制級商品（需登入）(1),,,,,,,,,,
2025-04-07 12:22:52,童書/青少年文學(12),人文社科(8),文學小說(7),商業理財(7),語言學習(6),心理勵志(6),宗教命理(2),醫療保健(1),限制級商品（需登入）(1),,,,,,,,,,,
2025-04-07 13:20:01,人文社科(10),童書/青少年文學(10),文學小說(8),商業理財(6),語言學習(6),心理勵志(4),宗教命理(2),醫療保健(2),限制級商品（需登入）(1),親子教養(1),,,,,,,,,,
2025-04-07 14:26:25,人文社科(10),童書/青少年文學(10),文學小說(7),商業理財(7),語言學習(6),心理勵志(4),宗教命理(2),醫療保健(2),限制級商品（需登入）(1),親子教養(1),,,,,,,,,,
2025-04-07 15:20:36,童書/青少年文學(11),人文社科(9),文學小說(7),商業理財(6),語言學習(5),心理勵志(5),醫療保健(3),宗教命理(3),親子教養(1),,,,,,,,,,,
2025-04-07 16:25:10,童書/青少年文學(11),文學小說(8),人文社科(8),商業理財(6),語言學習(5),心理勵志(4),宗教命理(3),醫療保健(3),旅遊(1),親子教養(1),,,,,,,,,,
2025-04-07 17:21:35,童書/青少年文學(9),人文社科(8),文學小說(7),心理勵志(6),語言學習(6),商業理財(5),宗教命理(3),醫療保健(3),生活風格(1),旅遊(1),親子教養(1),,,,,,,,,
2025-04-07 18:21:41,童書/青少年文學(9),人文社科(7),文學小說(7),語言學習(7),商業理財(5),心理勵志(5),宗教命理(3),醫療保健(3),生活風格(2),旅遊(1),限制級商品（需登入）(1),,,,,,,,,
2025-04-07 19:17:34,童書/青少年文學(9),文學小說(7),人文社科(7),語言學習(6),心理勵志(6),商業理財(4),宗教命理(3),醫療保健(3),生活風格(2),旅遊(1),限制級商品（需登入）(1),親子教養(1),,,,,,,,
2025-04-07 20:35:30,童書/青少年文學(10),語言學習(7),人文社科(6),文學小說(6),心理勵志(5),商業理財(4),宗教命理(4),醫療保健(3),生活風格(2),旅遊(1),限制級商品（需登入）(1),親子教養(1),,,,,,,,
2025-04-07 21:30:12,童書/青少年文學(9),人文社科(8),語言學習(8),文學小說(7),商業理財(5),心理勵志(4),宗教命理(3),醫療保健(2),生活風格(2),限制級商品（需登入）(1),旅遊(1),,,,,,,,,
2025-04-07 22:19:37,童書/青少年文學(9),人文社科(8),文學小說(7),語言學習(7),商業理財(6),心理勵志(6),宗教命理(3),醫療保健(2),生活風格(1),限制級商品（需登入）(1),,,,,,,,,,
2025-04-07 23:20:41,人文社科(9),童書/青少年文學(8),文學小說(7),語言學習(7),心理勵志(6),商業理財(5),宗教命理(3),親子教養(2),醫療保健(1),生活風格(1),限制級商品（需登入）(1),,,,,,,,,
2025-04-08 00:22:01,童書/青少年文學(12),語言學習(8),人文社科(6),心理勵志(5),文學小說(4),生活風格(4),宗教命理(3),醫療保健(2),商業理財(2),旅遊(2),自然科普(1),藝術設計(1),,,,,,,,
2025-04-08 01:17:58,童書/青少年文學(15),文學小說(8),語言學習(5),商業理財(5),宗教命理(4),心理勵志(3),人文社科(2),自然科普(2),電腦資訊(2),親子教養(2),醫療保健(2),,,,,,,,,
2025-04-08 02:24:57,童書/青少年文學(13),文學小說(11),心理勵志(8),商業理財(4),人文社科(3),語言學習(3),生活風格(2),藝術設計(2),宗教命理(2),親子教養(1),自然科普(1),,,,,,,,,
2025-04-08 03:16:15,文學小說(13),童書/青少年文學(12),商業理財(6),心理勵志(4),人文社科(4),語言學習(3),生活風格(2),親子教養(2),宗教命理(2),藝術設計(1),國中小參考書(1),,,,,,,,,
2025-04-08 04:20:57,童書/青少年文學(10),文學小說(10),商業理財(9),心理勵志(5),人文社科(5),語言學習(5),親子教養(2),宗教命理(2),生活風格(1),藝術設計(1),,,,,,,,,,
2025-04-08 05:18:34,商業理財(9),文學小說(9),童書/青少年文學(9),心理勵志(7),人文社科(5),語言學習(4),宗教命理(2),旅遊(2),生活風格(1),藝術設計(1),親子教養(1),,,,,,,,,
2025-04-08 06:18:53,童書/青少年文學(10),文學小說(9),心理勵志(7),商業理財(7),人文社科(5),語言學習(4),宗教命理(2),親子教養(2),旅遊(2),生活風格(1),藝術設計(1),,,,,,,,,
2025-04-08 07:19:06,童書/青少年文學(11),商業理財(8),文學小說(8),人文社科(6),心理勵志(6),語言學習(4),宗教命理(2),旅遊(2),生活風格(1),藝術設計(1),親子教養(1),,,,,,,,,
2025-04-08 09:14:36,語言學習(13),童書/青少年文學(10),心理勵志(7),人文社科(5),文學小說(5),商業理財(4),宗教命理(2),生活風格(1),醫療保健(1),親子教養(1),藝術設計(1),,,,,,,,,
2025-04-08 11:02:09,童書/青少年文學(10),語言學習(10),心理勵志(7),文學小說(7),人文社科(5),商業理財(5),醫療保健(2),宗教命理(2),生活風格(1),親子教養(1),,,,,,,,,,
2025-04-08 11:37:24,童書/青少年文學(12),語言學習(8),心理勵志(7),文學小說(6),人文社科(5),商業理財(5),醫療保健(2),宗教命理(2),親子教養(2),生活風格(1),,,,,,,,,,
2025-04-08 12:22:30,童書/青少年文學(12),心理勵志(8),人文社科(6),文學小說(6),語言學習(6),醫療保健(3),商業理財(3),親子教養(2),宗教命理(2),生活風格(2),,,,,,,,,,
2025-04-08 13:20:31,童書/青少年文學(14),心理勵志(7),人文社科(6),文學小說(6),商業理財(4),語言學習(4),醫療保健(3),宗教命理(2),生活風格(2),親子教養(1),藝術設計(1),,,,,,,,,
2025-04-08 14:26:14,童書/青少年文學(14),心理勵志(9),人文社科(5),文學小說(5),商業理財(4),語言學習(3),醫療保健(3),生活風格(2),宗教命理(2),藝術設計(2),親子教養(1),,,,,,,,,
2025-04-08 15:19:39,童書/青少年文學(13),心理勵志(10),文學小說(5),商業理財(5),人文社科(4),醫療保健(3),宗教命理(2),語言學習(2),生活風格(2),親子教養(1),自然科普(1),飲食(1),藝術設計(1),,,,,,,
2025-04-08 16:25:26,童書/青少年文學(12),心理勵志(10),文學小說(6),商業理財(6),人文社科(5),醫療保健(2),宗教命理(2),旅遊(1),自然科普(1),親子教養(1),生活風格(1),語言學習(1),藝術設計(1),飲食(1),,,,,,
2025-04-08 17:20:57,童書/青少年文學(12),心理勵志(8),人文社科(7),商業理財(7),文學小說(6),醫療保健(2),旅遊(1),電腦資訊(1),自然科普(1),親子教養(1),宗教命理(1),生活風格(1),語言學習(1),飲食(1),,,,,,
2025-04-08 18:20:37,童書/青少年文學(13),心理勵志(7),人文社科(6),文學小說(6),商業理財(6),語言學習(3),醫療保健(2),生活風格(2),旅遊(1),電腦資訊(1),自然科普(1),宗教命理(1),親子教養(1),,,,,,,
2025-04-08 19:17:12,童書/青少年文學(11),心理勵志(8),文學小說(6),商業理財(6),人文社科(5),醫療保健(4),語言學習(3),生活風格(2),旅遊(1),電腦資訊(1),宗教命理(1),親子教養(1),自然科普(1),,,,,,,
2025-04-08 20:34:55,童書/青少年文學(12),心理勵志(7),人文社科(6),文學小說(6),商業理財(6),語言學習(3),醫療保健(3),生活風格(2),旅遊(1),電腦資訊(1),宗教命理(1),親子教養(1),自然科普(1),,,,,,,
2025-04-08 21:29:50,童書/青少年文學(14),心理勵志(7),文學小說(6),商業理財(6),人文社科(5),醫療保健(4),語言學習(2),旅遊(1),電腦資訊(1),宗教命理(1),親子教養(1),自然科普(1),生活風格(1),,,,,,,
2025-04-08 22:20:12,童書/青少年文學(13),心理勵志(8),文學小說(7),商業理財(6),人文社科(4),醫療保健(4),語言學習(2),旅遊(1),宗教命理(1),電腦資訊(1),親子教養(1),自然科普(1),生活風格(1),,,,,,,
2025-04-08 23:21:21,童書/青少年文學(12),心理勵志(9),商業理財(7),文學小說(6),人文社科(4),醫療保健(4),語言學習(2),旅遊(1),宗教命理(1),親子教養(1),電腦資訊(1),考試用書(1),自然科普(1),,,,,,,
2025-04-09 00:23:27,童書/青少年文學(16),心理勵志(7),人文社科(6),商業理財(5),文學小說(5),宗教命理(3),語言學習(2),生活風格(1),專業/教科書/政府出版品(1),自然科普(1),親子教養(1),醫療保健(1),電腦資訊(1),,,,,,,
2025-04-09 01:17:58,心理勵志(14),文學小說(6),宗教命理(6),商業理財(6),童書/青少年文學(6),考試用書(5),醫療保健(3),生活風格(1),親子教養(1),語言學習(1),國中小參考書(1),,,,,,,,,
2025-04-09 02:24:09,心理勵志(16),商業理財(9),文學小說(6),宗教命理(5),童書/青少年文學(5),語言學習(3),親子教養(2),醫療保健(2),生活風格(1),考試用書(1),,,,,,,,,,
2025-04-09 03:17:13,心理勵志(14),商業理財(10),文學小說(7),宗教命理(5),語言學習(3),童書/青少年文學(3),人文社科(2),親子教養(2),醫療保健(2),生活風格(1),考試用書(1),,,,,,,,,
2025-04-09 04:21:06,心理勵志(12),商業理財(9),宗教命理(7),文學小說(6),生活風格(3),語言學習(3),人文社科(2),醫療保健(2),親子教養(2),童書/青少年文學(2),考試用書(1),專業/教科書/政府出版品(1),,,,,,,,
2025-04-09 05:18:31,心理勵志(9),文學小說(8),商業理財(8),宗教命理(7),生活風格(4),語言學習(4),人文社科(3),親子教養(2),醫療保健(1),童書/青少年文學(1),考試用書(1),專業/教科書/政府出版品(1),藝術設計(1),,,,,,,
2025-04-09 06:18:32,心理勵志(10),商業理財(8),宗教命理(7),文學小說(7),生活風格(4),人文社科(3),語言學習(3),醫療保健(2),親子教養(2),童書/青少年文學(2),考試用書(1),專業/教科書/政府出版品(1),,,,,,,,
2025-04-09 07:18:33,心理勵志(10),商業理財(8),宗教命理(7),文學小說(7),生活風格(4),童書/青少年文學(3),人文社科(3),醫療保健(2),親子教養(2),語言學習(2),考試用書(1),專業/教科書/政府出版品(1),,,,,,,,
2025-04-09 09:14:26,心理勵志(12),商業理財(7),文學小說(6),童書/青少年文學(6),宗教命理(5),醫療保健(4),人文社科(3),生活風格(2),親子教養(2),語言學習(2),考試用書(1),,,,,,,,,
2025-04-09 11:03:37,心理勵志(12),商業理財(8),宗教命理(6),童書/青少年文學(6),文學小說(5),醫療保健(4),人文社科(4),生活風格(3),親子教養(2),,,,,,,,,,,
2025-04-09 11:39:33,心理勵志(12),商業理財(7),童書/青少年文學(7),語言學習(5),文學小說(4),宗教命理(4),人文社科(4),生活風格(2),親子教養(2),醫療保健(1),考試用書(1),專業/教科書/政府出版品(1),,,,,,,,
2025-04-09 12:22:33,心理勵志(11),商業理財(9),童書/青少年文學(6),生活風格(5),語言學習(4),文學小說(4),宗教命理(3),親子教養(2),人文社科(2),飲食(1),醫療保健(1),考試用書(1),專業/教科書/政府出版品(1),,,,,,,
2025-04-09 13:19:21,商業理財(9),心理勵志(9),童書/青少年文學(7),生活風格(5),語言學習(5),文學小說(4),宗教命理(3),人文社科(3),親子教養(2),飲食(1),醫療保健(1),考試用書(1),,,,,,,,
2025-04-09 14:26:23,商業理財(10),心理勵志(9),生活風格(6),童書/青少年文學(5),語言學習(5),文學小說(4),宗教命理(3),人文社科(3),醫療保健(2),親子教養(2),飲食(1),,,,,,,,,
2025-04-09 15:19:30,商業理財(10),心理勵志(10),生活風格(7),童書/青少年文學(5),語言學習(5),文學小說(4),宗教命理(3),醫療保健(2),人文社科(2),親子教養(1),飲食(1),,,,,,,,,
2025-04-09 16:26:14,商業理財(10),心理勵志(10),生活風格(7),童書/青少年文學(5),語言學習(5),文學小說(4),宗教命理(3),人文社科(3),醫療保健(1),親子教養(1),飲食(1),,,,,,,,,
2025-04-09 17:20:57,商業理財(12),心理勵志(9),生活風格(7),童書/青少年文學(4),文學小說(4),宗教命理(3),語言學習(3),人文社科(3),醫療保健(2),親子教養(1),電腦資訊(1),飲食(1),,,,,,,,
2025-04-09 18:22:54,商業理財(12),心理勵志(9),生活風格(7),人文社科(4),童書/青少年文學(4),文學小說(4),宗教命理(3),語言學習(3),親子教養(2),醫療保健(1),電腦資訊(1),,,,,,,,,
2025-04-09 19:17:33,商業理財(12),心理勵志(9),生活風格(7),文學小說(4),童書/青少年文學(4),宗教命理(4),人文社科(4),語言學習(3),親子教養(2),醫療保健(1),,,,,,,,,,
2025-04-09 20:34:30,商業理財(11),心理勵志(9),生活風格(7),人文社科(5),宗教命理(4),童書/青少年文學(4),文學小說(4),語言學習(3),親子教養(2),醫療保健(1),,,,,,,,,,
2025-04-09 21:30:35,心理勵志(10),商業理財(9),生活風格(7),人文社科(5),宗教命理(4),童書/青少年文學(4),文學小說(4),語言學習(3),親子教養(2),醫療保健(1),電腦資訊(1),,,,,,,,,
2025-04-09 22:20:09,商業理財(11),心理勵志(8),生活風格(6),人文社科(5),童書/青少年文學(5),宗教命理(4),文學小說(4),語言學習(3),醫療保健(2),親子教養(2),,,,,,,,,,
2025-04-09 23:22:40,商業理財(9),心理勵志(8),宗教命理(6),生活風格(5),人文社科(5),文學小說(4),語言學習(4),童書/青少年文學(4),親子教養(3),醫療保健(2),,,,,,,,,,
2025-04-10 00:23:53,童書/青少年文學(10),宗教命理(7),商業理財(7),生活風格(5),心理勵志(4),文學小說(4),醫療保健(4),語言學習(3),親子教養(2),人文社科(2),自然科普(1),電腦資訊(1),,,,,,,,
2025-04-10 01:17:41,人文社科(11),文學小說(10),心理勵志(8),商業理財(8),童書/青少年文學(3),飲食(3),親子教養(2),生活風格(1),國中小參考書(1),語言學習(1),藝術設計(1),考試用書(1),,,,,,,,
2025-04-10 02:25:11,心理勵志(11),商業理財(9),童書/青少年文學(5),文學小說(5),人文社科(5),醫療保健(2),生活風格(2),飲食(2),語言學習(2),親子教養(2),電腦資訊(1),宗教命理(1),考試用書(1),國中小參考書(1),藝術設計(1),,,,,
2025-04-10 03:17:11,心理勵志(11),商業理財(10),文學小說(4),人文社科(4),童書/青少年文學(4),飲食(2),語言學習(2),醫療保健(2),生活風格(2),宗教命理(2),旅遊(1),親子教養(1),電腦資訊(1),考試用書(1),國中小參考書(1),藝術設計(1),專業/教科書/政府出版品(1),,,
2025-04-10 04:20:37,心理勵志(12),商業理財(10),語言學習(4),文學小說(4),人文社科(3),宗教命理(3),生活風格(2),考試用書(2),醫療保健(2),飲食(2),童書/青少年文學(2),旅遊(1),親子教養(1),電腦資訊(1),國中小參考書(1),,,,,
2025-04-10 05:16:52,心理勵志(13),商業理財(10),宗教命理(4),語言學習(3),文學小說(3),生活風格(3),飲食(2),醫療保健(2),考試用書(2),童書/青少年文學(2),旅遊(1),親子教養(1),人文社科(1),電腦資訊(1),專業/教科書/政府出版品(1),國中小參考書(1),,,,
2025-04-10 06:18:10,心理勵志(13),商業理財(10),語言學習(4),宗教命理(4),文學小說(3),生活風格(2),飲食(2),醫療保健(2),考試用書(2),童書/青少年文學(2),旅遊(1),親子教養(1),人文社科(1),電腦資訊(1),專業/教科書/政府出版品(1),國中小參考書(1),,,,
2025-04-10 07:18:12,商業理財(12),心理勵志(11),文學小說(6),語言學習(4),童書/青少年文學(3),電腦資訊(3),宗教命理(2),飲食(2),醫療保健(2),生活風格(1),旅遊(1),親子教養(1),人文社科(1),考試用書(1),,,,,,
2025-04-10 09:14:19,商業理財(11),心理勵志(9),文學小說(8),宗教命理(5),醫療保健(4),生活風格(3),語言學習(2),人文社科(2),旅遊(1),飲食(1),親子教養(1),電腦資訊(1),童書/青少年文學(1),自然科普(1),,,,,,
2025-04-10 11:02:36,商業理財(11),心理勵志(8),文學小說(6),生活風格(5),宗教命理(5),人文社科(4),語言學習(3),醫療保健(3),專業/教科書/政府出版品(2),旅遊(1),飲食(1),親子教養(1),,,,,,,,
2025-04-10 11:38:44,商業理財(11),心理勵志(10),文學小說(7),宗教命理(5),人文社科(5),生活風格(4),醫療保健(2),專業/教科書/政府出版品(1),旅遊(1),飲食(1),親子教養(1),童書/青少年文學(1),語言學習(1),,,,,,,
2025-04-10 12:22:52,商業理財(12),心理勵志(11),文學小說(5),宗教命理(4),生活風格(4),人文社科(4),童書/青少年文學(3),飲食(2),醫療保健(2),旅遊(1),專業/教科書/政府出版品(1),親子教養(1),,,,,,,,
2025-04-10 13:20:02,商業理財(12),心理勵志(10),人文社科(5),生活風格(4),文學小說(4),宗教命理(4),童書/青少年文學(3),飲食(2),親子教養(2),醫療保健(2),專業/教科書/政府出版品(1),旅遊(1),,,,,,,,
2025-04-10 14:26:09,商業理財(13),心理勵志(10),人文社科(6),生活風格(4),文學小說(4),宗教命理(4),飲食(2),親子教養(2),童書/青少年文學(2),旅遊(1),專業/教科書/政府出版品(1),醫療保健(1),,,,,,,,
2025-04-10 15:19:12,商業理財(14),心理勵志(8),人文社科(7),生活風格(4),宗教命理(4),文學小說(3),飲食(2),國中小參考書(2),童書/青少年文學(2),親子教養(2),旅遊(1),專業/教科書/政府出版品(1),,,,,,,,
2025-04-10 16:24:41,商業理財(13),心理勵志(7),人文社科(7),宗教命理(4),生活風格(4),文學小說(4),親子教養(2),語言學習(2),飲食(2),國中小參考書(2),醫療保健(1),專業/教科書/政府出版品(1),旅遊(1),,,,,,,
2025-04-10 17:20:47,商業理財(14),心理勵志(8),人文社科(5),生活風格(4),宗教命理(4),文學小說(4),醫療保健(2),語言學習(2),飲食(2),國中小參考書(2),專業/教科書/政府出版品(1),旅遊(1),親子教養(1),,,,,,,
2025-04-10 18:20:55,商業理財(16),人文社科(7),心理勵志(5),宗教命理(4),生活風格(4),文學小說(3),國中小參考書(2),語言學習(2),飲食(2),親子教養(2),醫療保健(1),旅遊(1),專業/教科書/政府出版品(1),,,,,,,
2025-04-10 19:17:30,商業理財(16),心理勵志(8),人文社科(5),宗教命理(4),生活風格(4),文學小說(3),親子教養(2),語言學習(2),飲食(2),醫療保健(1),專業/教科書/政府出版品(1),旅遊(1),國中小參考書(1),,,,,,,
2025-04-10 20:34:38,商業理財(16),心理勵志(7),人文社科(5),宗教命理(4),生活風格(3),藝術設計(3),文學小說(3),醫療保健(2),語言學習(2),飲食(2),專業/教科書/政府出版品(1),旅遊(1),親子教養(1),,,,,,,
2025-04-10 21:29:30,商業理財(17),心理勵志(8),人文社科(6),宗教命理(4),文學小說(3),生活風格(3),醫療保健(2),語言學習(2),飲食(2),親子教養(1),專業/教科書/政府出版品(1),旅遊(1),,,,,,,,
2025-04-10 22:19:25,商業理財(17),心理勵志(9),人文社科(5),文學小說(4),宗教命理(4),生活風格(3),醫療保健(2),語言學習(2),飲食(2),親子教養(1),專業/教科書/政府出版品(1),,,,,,,,,
2025-04-10 23:20:58,商業理財(16),心理勵志(8),人文社科(6),宗教命理(4),文學小說(3),生活風格(3),語言學習(3),醫療保健(2),飲食(2),電腦資訊(1),親子教養(1),專業/教科書/政府出版品(1),,,,,,,,
2025-04-11 00:23:21,心理勵志(10),商業理財(10),人文社科(9),文學小說(7),宗教命理(6),醫療保健(3),童書/青少年文學(2),考試用書(2),生活風格(1),,,,,,,,,,,
2025-04-11 01:18:30,文學小說(15),商業理財(6),童書/青少年文學(6),人文社科(5),醫療保健(4),心理勵志(2),宗教命理(2),飲食(2),語言學習(2),生活風格(2),藝術設計(2),旅遊(1),考試用書(1),,,,,,,
2025-04-11 02:24:13,文學小說(12),商業理財(9),心理勵志(5),醫療保健(4),人文社科(4),語言學習(3),童書/青少年文學(3),藝術設計(2),宗教命理(2),考試用書(2),生活風格(1),飲食(1),旅遊(1),電腦資訊(1),,,,,,
2025-04-11 03:16:33,商業理財(11),文學小說(9),心理勵志(5),童書/青少年文學(5),人文社科(5),醫療保健(4),語言學習(3),考試用書(2),生活風格(1),飲食(1),宗教命理(1),藝術設計(1),旅遊(1),電腦資訊(1),,,,,,
2025-04-11 04:20:47,商業理財(13),文學小說(9),心理勵志(6),人文社科(6),醫療保健(4),童書/青少年文學(4),語言學習(2),生活風格(1),飲食(1),藝術設計(1),考試用書(1),宗教命理(1),旅遊(1),,,,,,,
2025-04-11 05:18:22,商業理財(13),文學小說(9),心理勵志(6),人文社科(6),醫療保健(5),童書/青少年文學(3),宗教命理(2),語言學習(2),生活風格(1),飲食(1),藝術設計(1),考試用書(1),,,,,,,,
2025-04-11 06:20:03,商業理財(14),文學小說(9),心理勵志(6),醫療保健(5),人文社科(5),童書/青少年文學(4),宗教命理(2),飲食(1),考試用書(1),生活風格(1),藝術設計(1),語言學習(1),,,,,,,,
2025-04-11 07:19:14,商業理財(14),文學小說(8),心理勵志(6),醫療保健(5),童書/青少年文學(5),人文社科(4),宗教命理(2),生活風格(2),飲食(1),考試用書(1),藝術設計(1),語言學習(1),,,,,,,,
2025-04-11 09:14:49,語言學習(12),商業理財(7),心理勵志(7),文學小說(6),人文社科(4),醫療保健(3),飲食(2),考試用書(2),宗教命理(2),生活風格(1),童書/青少年文學(1),藝術設計(1),電腦資訊(1),親子教養(1),,,,,,
2025-04-11 11:03:33,語言學習(16),商業理財(7),文學小說(5),心理勵志(4),人文社科(3),飲食(3),考試用書(2),童書/青少年文學(2),生活風格(2),醫療保健(1),宗教命理(1),親子教養(1),藝術設計(1),專業/教科書/政府出版品(1),自然科普(1),,,,,
2025-04-11 11:40:09,語言學習(15),商業理財(9),文學小說(5),心理勵志(4),人文社科(3),醫療保健(3),宗教命理(2),生活風格(2),童書/青少年文學(2),考試用書(1),飲食(1),親子教養(1),專業/教科書/政府出版品(1),藝術設計(1),,,,,,
2025-04-11 12:22:50,語言學習(11),商業理財(9),人文社科(5),心理勵志(5),文學小說(5),醫療保健(3),生活風格(2),專業/教科書/政府出版品(2),宗教命理(2),考試用書(1),未知分類(1),飲食(1),親子教養(1),藝術設計(1),童書/青少年文學(1),,,,,
2025-04-11 13:20:40,商業理財(10),語言學習(8),文學小說(6),心理勵志(6),人文社科(5),醫療保健(3),生活風格(2),童書/青少年文學(2),宗教命理(2),考試用書(1),未知分類(1),飲食(1),親子教養(1),藝術設計(1),專業/教科書/政府出版品(1),,,,,
2025-04-11 14:25:50,商業理財(10),語言學習(8),心理勵志(6),人文社科(5),文學小說(5),醫療保健(4),生活風格(3),宗教命理(2),考試用書(1),未知分類(1),飲食(1),親子教養(1),藝術設計(1),電腦資訊(1),童書/青少年文學(1),,,,,
2025-04-11 15:19:21,商業理財(11),心理勵志(8),語言學習(7),文學小說(7),人文社科(4),生活風格(3),醫療保健(3),考試用書(1),宗教命理(1),親子教養(1),未知分類(1),飲食(1),藝術設計(1),童書/青少年文學(1),,,,,,
2025-04-11 16:24:28,商業理財(11),語言學習(8),心理勵志(7),文學小說(7),人文社科(4),生活風格(3),醫療保健(3),考試用書(1),宗教命理(1),親子教養(1),未知分類(1),藝術設計(1),飲食(1),童書/青少年文學(1),,,,,,
2025-04-11 17:20:42,商業理財(11),文學小說(9),語言學習(8),心理勵志(7),生活風格(3),醫療保健(3),人文社科(3),宗教命理(1),考試用書(1),親子教養(1),童書/青少年文學(1),藝術設計(1),飲食(1),,,,,,,
2025-04-11 18:20:11,商業理財(11),文學小說(9),心理勵志(7),語言學習(6),人文社科(5),醫療保健(3),生活風格(2),宗教命理(2),童書/青少年文學(2),考試用書(1),親子教養(1),藝術設計(1),,,,,,,,
2025-04-11 19:16:57,商業理財(12),文學小說(9),心理勵志(8),語言學習(6),人文社科(4),醫療保健(3),生活風格(2),童書/青少年文學(2),宗教命理(2),考試用書(1),親子教養(1),,,,,,,,,
2025-04-11 20:34:16,商業理財(13),文學小說(8),心理勵志(8),語言學習(6),人文社科(4),醫療保健(3),生活風格(2),宗教命理(2),考試用書(1),親子教養(1),童書/青少年文學(1),飲食(1),,,,,,,,
2025-04-11 21:28:36,商業理財(13),文學小說(8),心理勵志(7),語言學習(6),人文社科(4),醫療保健(3),生活風格(2),宗教命理(2),童書/青少年文學(2),考試用書(1),親子教養(1),飲食(1),,,,,,,,
2025-04-11 22:19:15,商業理財(14),文學小說(8),心理勵志(7),語言學習(5),人文社科(4),醫療保健(3),生活風格(2),宗教命理(2),童書/青少年文學(2),考試用書(1),親子教養(1),飲食(1),,,,,,,,
2025-04-11 23:20:14,商業理財(12),心理勵志(7),文學小說(7),人文社科(6),醫療保健(6),語言學習(4),生活風格(2),童書/青少年文學(2),宗教命理(2),親子教養(1),考試用書(1),,,,,,,,,
2025-04-12 00:22:59,人文社科(7),商業理財(7),宗教命理(6),文學小說(6),童書/青少年文學(5),醫療保健(4),生活風格(3),心理勵志(3),語言學習(2),藝術設計(2),影視偶像(2),親子教養(1),電腦資訊(1),飲食(1),,,,,,
2025-04-12 01:17:52,人文社科(19),商業理財(6),文學小說(4),藝術設計(3),生活風格(3),飲食(3),童書/青少年文學(3),語言學習(3),心理勵志(2),宗教命理(1),影視偶像(1),考試用書(1),電腦資訊(1),,,,,,,
2025-04-12 02:24:57,商業理財(12),生活風格(6),人文社科(6),心理勵志(5),藝術設計(4),童書/青少年文學(3),宗教命理(3),影視偶像(2),文學小說(2),語言學習(2),限制級商品（需登入）(1),親子教養(1),醫療保健(1),專業/教科書/政府出版品(1),考試用書(1),,,,,
2025-04-12 03:16:56,商業理財(17),心理勵志(5),人文社科(5),生活風格(4),文學小說(4),宗教命理(3),親子教養(3),語言學習(3),童書/青少年文學(2),限制級商品（需登入）(1),醫療保健(1),藝術設計(1),專業/教科書/政府出版品(1),,,,,,,
2025-04-12 04:20:38,商業理財(16),文學小說(5),生活風格(5),心理勵志(5),語言學習(3),宗教命理(3),人文社科(3),親子教養(3),童書/青少年文學(3),限制級商品（需登入）(1),醫療保健(1),藝術設計(1),專業/教科書/政府出版品(1),,,,,,,
2025-04-12 05:18:03,商業理財(18),文學小說(5),生活風格(5),心理勵志(4),語言學習(3),宗教命理(3),童書/青少年文學(3),人文社科(3),親子教養(2),限制級商品（需登入）(1),醫療保健(1),藝術設計(1),專業/教科書/政府出版品(1),,,,,,,
2025-04-12 06:18:31,商業理財(17),生活風格(5),心理勵志(5),文學小說(4),童書/青少年文學(4),語言學習(3),宗教命理(3),人文社科(3),親子教養(3),限制級商品（需登入）(1),電腦資訊(1),醫療保健(1),,,,,,,,
2025-04-12 07:18:18,商業理財(18),生活風格(5),心理勵志(5),童書/青少年文學(5),人文社科(4),文學小說(4),親子教養(3),宗教命理(2),語言學習(1),限制級商品（需登入）(1),電腦資訊(1),醫療保健(1),,,,,,,,
2025-04-12 09:13:28,商業理財(16),生活風格(6),宗教命理(6),心理勵志(5),童書/青少年文學(5),文學小說(4),人文社科(4),親子教養(1),語言學習(1),影視偶像(1),限制級商品（需登入）(1),,,,,,,,,
2025-04-12 11:00:11,商業理財(15),心理勵志(6),人文社科(5),文學小說(5),生活風格(5),宗教命理(5),童書/青少年文學(4),語言學習(2),親子教養(1),藝術設計(1),限制級商品（需登入）(1),,,,,,,,,
2025-04-12 11:32:51,商業理財(16),心理勵志(7),生活風格(6),文學小說(5),童書/青少年文學(5),人文社科(4),宗教命理(3),語言學習(2),親子教養(1),藝術設計(1),,,,,,,,,,
2025-04-12 12:21:35,商業理財(15),心理勵志(7),文學小說(6),生活風格(5),童書/青少年文學(5),人文社科(4),宗教命理(3),語言學習(3),親子教養(1),藝術設計(1),,,,,,,,,,
2025-04-12 13:18:18,商業理財(14),心理勵志(8),童書/青少年文學(7),生活風格(5),文學小說(5),人文社科(4),宗教命理(3),語言學習(2),親子教養(1),藝術設計(1),,,,,,,,,,
2025-04-12 14:23:37,商業理財(13),心理勵志(9),童書/青少年文學(7),文學小說(6),生活風格(4),人文社科(4),宗教命理(3),語言學習(2),親子教養(1),藝術設計(1),,,,,,,,,,
2025-04-12 15:17:21,商業理財(13),心理勵志(9),童書/青少年文學(6),文學小說(6),人文社科(5),生活風格(4),宗教命理(3),語言學習(2),親子教養(1),藝術設計(1),,,,,,,,,,
2025-04-12 16:22:03,商業理財(13),心理勵志(7),人文社科(7),文學小說(6),生活風格(5),童書/青少年文學(5),宗教命理(3),語言學習(1),親子教養(1),藝術設計(1),醫療保健(1),,,,,,,,,
2025-04-12 17:19:17,商業理財(13),心理勵志(8),人文社科(7),童書/青少年文學(6),文學小說(6),生活風格(4),宗教命理(3),語言學習(1),親子教養(1),藝術設計(1),,,,,,,,,,
2025-04-12 18:18:17,商業理財(13),人文社科(7),心理勵志(7),文學小說(6),童書/青少年文學(5),宗教命理(4),生活風格(3),飲食(1),語言學習(1),親子教養(1),藝術設計(1),醫療保健(1),,,,,,,,
2025-04-12 19:15:36,商業理財(13),心理勵志(7),人文社科(7),文學小說(6),童書/青少年文學(5),宗教命理(4),生活風格(3),飲食(1),語言學習(1),親子教養(1),藝術設計(1),醫療保健(1),,,,,,,,
2025-04-12 20:30:35,商業理財(13),人文社科(8),心理勵志(7),文學小說(6),宗教命理(5),童書/青少年文學(4),生活風格(3),飲食(1),語言學習(1),親子教養(1),醫療保健(1),,,,,,,,,
2025-04-12 21:24:38,商業理財(13),人文社科(8),文學小說(6),心理勵志(6),宗教命理(6),童書/青少年文學(6),生活風格(2),飲食(1),語言學習(1),親子教養(1),,,,,,,,,,
2025-04-12 22:16:38,商業理財(13),人文社科(7),童書/青少年文學(6),心理勵志(6),文學小說(6),宗教命理(5),生活風格(3),語言學習(2),飲食(1),親子教養(1),,,,,,,,,,
2025-04-12 23:17:54,商業理財(13),人文社科(7),心理勵志(6),文學小說(6),童書/青少年文學(5),宗教命理(5),生活風格(3),語言學習(2),飲食(1),親子教養(1),專業/教科書/政府出版品(1),,,,,,,,,
2025-04-13 00:20:49,童書/青少年文學(14),商業理財(8),心理勵志(6),語言學習(5),生活風格(3),文學小說(2),親子教養(2),人文社科(2),飲食(2),藝術設計(1),宗教命理(1),專業/教科書/政府出版品(1),電腦資訊(1),醫療保健(1),國中小參考書(1),,,,,
2025-04-13 01:17:07,文學小說(11),童書/青少年文學(9),商業理財(8),人文社科(6),語言學習(4),宗教命理(3),電腦資訊(2),生活風格(2),藝術設計(2),心理勵志(1),醫療保健(1),飲食(1),,,,,,,,
2025-04-13 02:22:44,商業理財(14),宗教命理(6),文學小說(6),童書/青少年文學(5),心理勵志(5),人文社科(5),語言學習(3),電腦資訊(2),生活風格(1),飲食(1),影視偶像(1),藝術設計(1),,,,,,,,
2025-04-13 03:16:02,商業理財(14),文學小說(8),宗教命理(6),童書/青少年文學(5),心理勵志(5),語言學習(4),人文社科(3),電腦資訊(1),飲食(1),影視偶像(1),生活風格(1),親子教養(1),,,,,,,,
2025-04-13 04:18:58,商業理財(12),文學小說(8),宗教命理(6),心理勵志(5),童書/青少年文學(4),語言學習(4),人文社科(3),醫療保健(2),飲食(2),電腦資訊(1),影視偶像(1),生活風格(1),親子教養(1),,,,,,,
2025-04-13 05:17:11,商業理財(12),文學小說(9),童書/青少年文學(6),宗教命理(5),心理勵志(5),語言學習(4),飲食(2),國中小參考書(1),電腦資訊(1),影視偶像(1),生活風格(1),人文社科(1),親子教養(1),醫療保健(1),,,,,,
2025-04-13 06:17:25,商業理財(12),文學小說(8),童書/青少年文學(6),宗教命理(5),心理勵志(4),語言學習(4),人文社科(3),飲食(2),電腦資訊(1),國中小參考書(1),影視偶像(1),生活風格(1),親子教養(1),醫療保健(1),,,,,,
2025-04-13 07:17:44,商業理財(13),文學小說(8),童書/青少年文學(6),宗教命理(4),語言學習(4),心理勵志(3),人文社科(3),飲食(2),電腦資訊(1),國中小參考書(1),影視偶像(1),醫療保健(1),生活風格(1),藝術設計(1),親子教養(1),,,,,
2025-04-13 10:42:47,商業理財(10),文學小說(6),宗教命理(6),生活風格(4),心理勵志(4),語言學習(4),人文社科(3),童書/青少年文學(3),醫療保健(2),電腦資訊(1),國中小參考書(1),考試用書(1),專業/教科書/政府出版品(1),親子教養(1),飲食(1),影視偶像(1),限制級商品（需登入）(1),,,
2025-04-13 12:27:36,商業理財(12),心理勵志(6),宗教命理(6),語言學習(5),文學小說(5),人文社科(4),生活風格(3),童書/青少年文學(2),國中小參考書(1),電腦資訊(1),醫療保健(1),藝術設計(1),考試用書(1),專業/教科書/政府出版品(1),飲食(1),,,,,
2025-04-13 13:24:59,商業理財(10),文學小說(8),宗教命理(7),心理勵志(6),人文社科(5),生活風格(3),醫療保健(2),童書/青少年文學(2),電腦資訊(1),國中小參考書(1),藝術設計(1),語言學習(1),考試用書(1),飲食(1),專業/教科書/政府出版品(1),,,,,
2025-04-13 14:24:24,商業理財(12),文學小說(8),心理勵志(7),人文社科(5),宗教命理(4),生活風格(3),童書/青少年文學(2),語言學習(2),國中小參考書(1),電腦資訊(1),醫療保健(1),藝術設計(1),考試用書(1),飲食(1),親子教養(1),,,,,
2025-04-13 15:17:47,商業理財(9),心理勵志(8),宗教命理(7),文學小說(7),人文社科(5),生活風格(3),飲食(2),童書/青少年文學(2),語言學習(2),電腦資訊(1),醫療保健(1),國中小參考書(1),藝術設計(1),考試用書(1),,,,,,
2025-04-13 16:22:15,商業理財(10),宗教命理(7),文學小說(6),語言學習(6),心理勵志(6),人文社科(5),生活風格(3),童書/青少年文學(2),電腦資訊(1),醫療保健(1),國中小參考書(1),藝術設計(1),考試用書(1),,,,,,,
2025-04-13 17:20:15,商業理財(10),宗教命理(8),語言學習(6),文學小說(5),人文社科(5),心理勵志(5),生活風格(3),童書/青少年文學(2),醫療保健(2),電腦資訊(1),國中小參考書(1),藝術設計(1),考試用書(1),,,,,,,
2025-04-13 18:19:43,商業理財(10),宗教命理(8),心理勵志(7),語言學習(6),文學小說(4),人文社科(4),生活風格(3),童書/青少年文學(2),醫療保健(2),電腦資訊(1),國中小參考書(1),藝術設計(1),親子教養(1),,,,,,,
2025-04-13 19:15:33,商業理財(10),宗教命理(8),心理勵志(7),語言學習(6),文學小說(5),人文社科(4),生活風格(3),醫療保健(2),童書/青少年文學(2),電腦資訊(1),國中小參考書(1),考試用書(1),,,,,,,,
2025-04-13 20:31:09,商業理財(12),宗教命理(7),心理勵志(7),語言學習(6),文學小說(5),人文社科(4),生活風格(3),童書/青少年文學(2),電腦資訊(1),醫療保健(1),親子教養(1),國中小參考書(1),,,,,,,,
2025-04-13 21:26:53,商業理財(12),心理勵志(8),宗教命理(7),語言學習(6),文學小說(5),人文社科(4),童書/青少年文學(2),生活風格(2),電腦資訊(1),醫療保健(1),親子教養(1),國中小參考書(1),,,,,,,,
2025-04-13 22:17:12,商業理財(13),心理勵志(8),宗教命理(7),文學小說(5),人文社科(5),語言學習(4),生活風格(2),童書/青少年文學(2),考試用書(1),電腦資訊(1),醫療保健(1),親子教養(1),,,,,,,,
2025-04-13 23:18:53,商業理財(12),心理勵志(10),文學小說(6),人文社科(6),宗教命理(5),語言學習(3),童書/青少年文學(2),生活風格(2),電腦資訊(1),考試用書(1),醫療保健(1),親子教養(1),,,,,,,,
2025-04-14 00:22:42,商業理財(9),電腦資訊(8),童書/青少年文學(8),人文社科(5),文學小說(5),心理勵志(4),醫療保健(3),生活風格(2),語言學習(2),專業/教科書/政府出版品(1),考試用書(1),飲食(1),親子教養(1),,,,,,,
2025-04-14 01:17:01,商業理財(8),心理勵志(7),文學小說(5),宗教命理(5),藝術設計(4),童書/青少年文學(4),醫療保健(3),人文社科(3),生活風格(2),電腦資訊(2),國中小參考書(2),專業/教科書/政府出版品(2),限制級商品（需登入）(1),自然科普(1),親子教養(1),,,,,
2025-04-14 02:23:33,心理勵志(9),商業理財(7),文學小說(6),童書/青少年文學(5),人文社科(4),宗教命理(4),限制級商品（需登入）(3),藝術設計(3),醫療保健(2),生活風格(2),國中小參考書(2),自然科普(1),電腦資訊(1),考試用書(1),,,,,,
2025-04-14 03:15:35,文學小說(9),心理勵志(8),商業理財(6),宗教命理(4),限制級商品（需登入）(3),人文社科(3),童書/青少年文學(3),藝術設計(3),醫療保健(3),生活風格(2),國中小參考書(2),電腦資訊(1),自然科普(1),影視偶像(1),考試用書(1),,,,,
2025-04-14 04:19:24,文學小說(8),人文社科(8),心理勵志(8),商業理財(6),童書/青少年文學(3),宗教命理(3),醫療保健(3),藝術設計(3),限制級商品（需登入）(2),生活風格(2),自然科普(1),影視偶像(1),電腦資訊(1),考試用書(1),,,,,,
2025-04-14 05:17:37,心理勵志(9),人文社科(8),文學小說(7),商業理財(6),宗教命理(3),童書/青少年文學(3),醫療保健(3),藝術設計(3),限制級商品（需登入）(2),生活風格(2),自然科普(1),影視偶像(1),電腦資訊(1),考試用書(1),,,,,,
2025-04-14 06:18:08,心理勵志(8),商業理財(8),人文社科(8),文學小說(7),童書/青少年文學(3),醫療保健(3),宗教命理(2),限制級商品（需登入）(2),藝術設計(2),電腦資訊(2),影視偶像(1),親子教養(1),自然科普(1),生活風格(1),考試用書(1),,,,,
2025-04-14 07:19:13,文學小說(8),商業理財(7),心理勵志(7),人文社科(6),童書/青少年文學(4),生活風格(3),限制級商品（需登入）(2),藝術設計(2),宗教命理(2),醫療保健(2),影視偶像(2),電腦資訊(2),親子教養(1),自然科普(1),語言學習(1),,,,,
2025-04-14 09:17:56,心理勵志(11),商業理財(10),文學小說(7),人文社科(3),宗教命理(3),醫療保健(3),限制級商品（需登入）(2),童書/青少年文學(2),藝術設計(2),電腦資訊(2),語言學習(1),影視偶像(1),親子教養(1),自然科普(1),飲食(1),,,,,
2025-04-14 11:08:35,心理勵志(12),商業理財(10),人文社科(5),語言學習(5),童書/青少年文學(4),文學小說(4),宗教命理(3),限制級商品（需登入）(2),醫療保健(2),藝術設計(1),影視偶像(1),自然科普(1),,,,,,,,
2025-04-14 12:22:18,心理勵志(11),商業理財(10),文學小說(4),人文社科(4),語言學習(4),醫療保健(3),童書/青少年文學(3),宗教命理(3),限制級商品（需登入）(2),生活風格(2),藝術設計(1),自然科普(1),電腦資訊(1),影視偶像(1),,,,,,
2025-04-14 13:20:41,心理勵志(11),商業理財(10),人文社科(5),文學小說(4),童書/青少年文學(4),語言學習(4),宗教命理(3),醫療保健(3),限制級商品（需登入）(2),電腦資訊(2),藝術設計(1),生活風格(1),,,,,,,,
2025-04-14 14:27:07,心理勵志(11),商業理財(10),童書/青少年文學(5),文學小說(5),人文社科(4),醫療保健(4),語言學習(4),電腦資訊(2),宗教命理(2),限制級商品（需登入）(1),藝術設計(1),生活風格(1),,,,,,,,
2025-04-14 15:20:18,商業理財(11),心理勵志(10),人文社科(6),文學小說(5),童書/青少年文學(4),醫療保健(3),宗教命理(3),語言學習(3),電腦資訊(2),限制級商品（需登入）(1),藝術設計(1),生活風格(1),,,,,,,,
2025-04-14 16:25:12,商業理財(12),心理勵志(10),人文社科(7),文學小說(5),童書/青少年文學(4),醫療保健(3),宗教命理(3),語言學習(2),限制級商品（需登入）(1),藝術設計(1),生活風格(1),電腦資訊(1),,,,,,,,
2025-04-14 17:21:54,心理勵志(11),商業理財(11),人文社科(6),文學小說(5),童書/青少年文學(5),醫療保健(3),宗教命理(3),語言學習(2),限制級商品（需登入）(1),藝術設計(1),生活風格(1),電腦資訊(1),,,,,,,,
2025-04-14 18:21:51,商業理財(14),心理勵志(11),文學小說(5),人文社科(5),醫療保健(4),童書/青少年文學(3),語言學習(2),宗教命理(2),限制級商品（需登入）(1),藝術設計(1),生活風格(1),電腦資訊(1),,,,,,,,
2025-04-14 19:17:04,商業理財(13),心理勵志(11),人文社科(5),宗教命理(4),文學小說(4),童書/青少年文學(3),醫療保健(3),語言學習(2),限制級商品（需登入）(1),藝術設計(1),生活風格(1),電腦資訊(1),考試用書(1),,,,,,,
2025-04-14 20:34:41,心理勵志(11),商業理財(11),人文社科(5),醫療保健(4),文學小說(4),宗教命理(4),童書/青少年文學(3),語言學習(3),限制級商品（需登入）(1),藝術設計(1),生活風格(1),電腦資訊(1),考試用書(1),,,,,,,
2025-04-14 21:30:38,商業理財(14),心理勵志(11),醫療保健(4),人文社科(4),文學小說(4),宗教命理(4),童書/青少年文學(2),語言學習(2),限制級商品（需登入）(1),藝術設計(1),電腦資訊(1),生活風格(1),考試用書(1),,,,,,,
2025-04-14 22:19:55,商業理財(12),心理勵志(11),醫療保健(4),人文社科(4),文學小說(4),宗教命理(4),童書/青少年文學(4),語言學習(2),限制級商品（需登入）(1),電腦資訊(1),藝術設計(1),生活風格(1),考試用書(1),,,,,,,
2025-04-14 23:20:53,商業理財(13),心理勵志(11),醫療保健(4),人文社科(4),文學小說(4),宗教命理(4),童書/青少年文學(3),語言學習(2),限制級商品（需登入）(1),電腦資訊(1),藝術設計(1),生活風格(1),考試用書(1),,,,,,,
2025-04-15 00:23:31,商業理財(10),心理勵志(9),童書/青少年文學(8),文學小說(6),人文社科(5),語言學習(3),宗教命理(3),生活風格(2),限制級商品（需登入）(1),影視偶像(1),醫療保健(1),考試用書(1),,,,,,,,
2025-04-15 01:18:10,人文社科(11),商業理財(10),童書/青少年文學(6),文學小說(5),生活風格(5),語言學習(3),心理勵志(3),考試用書(2),限制級商品（需登入）(1),醫療保健(1),宗教命理(1),藝術設計(1),飲食(1),,,,,,,
2025-04-15 02:25:28,商業理財(14),文學小說(7),人文社科(7),語言學習(5),心理勵志(5),生活風格(4),童書/青少年文學(3),限制級商品（需登入）(1),考試用書(1),醫療保健(1),宗教命理(1),藝術設計(1),,,,,,,,
2025-04-15 03:17:00,商業理財(10),心理勵志(8),語言學習(7),文學小說(7),童書/青少年文學(6),人文社科(6),宗教命理(2),限制級商品（需登入）(1),生活風格(1),考試用書(1),醫療保健(1),,,,,,,,,
2025-04-15 04:21:15,心理勵志(13),文學小說(8),童書/青少年文學(7),語言學習(6),商業理財(5),人文社科(5),宗教命理(2),限制級商品（需登入）(1),旅遊(1),生活風格(1),考試用書(1),,,,,,,,,
2025-04-15 05:18:11,心理勵志(12),童書/青少年文學(8),文學小說(7),語言學習(7),商業理財(6),人文社科(5),宗教命理(2),限制級商品（需登入）(1),旅遊(1),生活風格(1),,,,,,,,,,
2025-04-15 06:18:38,心理勵志(11),童書/青少年文學(8),語言學習(7),文學小說(7),商業理財(6),人文社科(5),宗教命理(2),生活風格(1),限制級商品（需登入）(1),旅遊(1),飲食(1),,,,,,,,,
2025-04-15 07:18:18,心理勵志(10),童書/青少年文學(9),語言學習(8),商業理財(7),文學小說(7),人文社科(5),限制級商品（需登入）(1),生活風格(1),宗教命理(1),旅遊(1),,,,,,,,,,
2025-04-15 09:17:15,心理勵志(11),商業理財(9),文學小說(5),宗教命理(5),童書/青少年文學(5),人文社科(4),語言學習(3),醫療保健(3),電腦資訊(1),考試用書(1),限制級商品（需登入）(1),生活風格(1),飲食(1),,,,,,,
2025-04-15 11:06:46,心理勵志(10),商業理財(9),童書/青少年文學(7),文學小說(5),人文社科(5),宗教命理(4),語言學習(2),生活風格(2),醫療保健(2),電腦資訊(1),考試用書(1),限制級商品（需登入）(1),藝術設計(1),,,,,,,
2025-04-15 12:22:49,商業理財(10),心理勵志(10),童書/青少年文學(8),文學小說(5),人文社科(4),語言學習(3),宗教命理(3),電腦資訊(2),生活風格(2),考試用書(1),醫療保健(1),限制級商品（需登入）(1),,,,,,,,
2025-04-15 13:19:59,心理勵志(10),商業理財(9),童書/青少年文學(6),語言學習(4),文學小說(4),宗教命理(4),人文社科(4),醫療保健(2),電腦資訊(2),生活風格(2),親子教養(1),考試用書(1),限制級商品（需登入）(1),,,,,,,
2025-04-15 14:25:53,心理勵志(11),商業理財(9),童書/青少年文學(5),人文社科(5),語言學習(4),醫療保健(3),文學小說(3),宗教命理(3),電腦資訊(2),生活風格(2),限制級商品（需登入）(1),親子教養(1),考試用書(1),,,,,,,
2025-04-15 15:19:59,商業理財(11),心理勵志(11),童書/青少年文學(5),人文社科(5),語言學習(3),宗教命理(3),文學小說(3),醫療保健(2),電腦資訊(2),生活風格(2),限制級商品（需登入）(1),親子教養(1),考試用書(1),,,,,,,
2025-04-15 16:25:37,商業理財(12),心理勵志(10),童書/青少年文學(5),人文社科(5),語言學習(4),文學小說(4),宗教命理(3),醫療保健(2),電腦資訊(1),限制級商品（需登入）(1),生活風格(1),親子教養(1),考試用書(1),,,,,,,
2025-04-15 17:21:12,商業理財(12),心理勵志(10),人文社科(6),童書/青少年文學(5),語言學習(4),文學小說(4),宗教命理(3),醫療保健(1),電腦資訊(1),限制級商品（需登入）(1),生活風格(1),親子教養(1),考試用書(1),,,,,,,
2025-04-15 18:21:33,商業理財(13),心理勵志(11),童書/青少年文學(5),人文社科(5),語言學習(4),宗教命理(3),文學小說(3),醫療保健(1),電腦資訊(1),生活風格(1),限制級商品（需登入）(1),親子教養(1),考試用書(1),,,,,,,
2025-04-15 19:17:14,商業理財(14),心理勵志(10),人文社科(6),童書/青少年文學(5),文學小說(4),語言學習(3),宗教命理(3),電腦資訊(2),醫療保健(1),生活風格(1),限制級商品（需登入）(1),,,,,,,,,
2025-04-15 20:34:26,商業理財(13),心理勵志(9),童書/青少年文學(6),語言學習(5),人文社科(5),文學小說(4),宗教命理(3),電腦資訊(2),醫療保健(1),限制級商品（需登入）(1),生活風格(1),,,,,,,,,
2025-04-15 21:30:15,商業理財(13),心理勵志(9),人文社科(6),童書/青少年文學(5),語言學習(5),文學小說(4),宗教命理(3),電腦資訊(2),醫療保健(1),限制級商品（需登入）(1),生活風格(1),,,,,,,,,
2025-04-15 22:19:55,商業理財(13),心理勵志(8),童書/青少年文學(6),語言學習(5),人文社科(5),宗教命理(4),文學小說(3),醫療保健(2),電腦資訊(2),限制級商品（需登入）(1),生活風格(1),,,,,,,,,
2025-04-15 23:20:26,商業理財(14),心理勵志(9),童書/青少年文學(5),人文社科(5),語言學習(5),文學小說(3),宗教命理(3),醫療保健(2),電腦資訊(2),限制級商品（需登入）(1),生活風格(1),,,,,,,,,
2025-04-16 00:21:46,心理勵志(12),商業理財(9),童書/青少年文學(7),語言學習(4),宗教命理(4),文學小說(3),生活風格(2),人文社科(2),醫療保健(2),電腦資訊(1),影視偶像(1),親子教養(1),旅遊(1),自然科普(1),,,,,,
2025-04-16 01:18:01,商業理財(15),文學小說(9),童書/青少年文學(6),心理勵志(3),藝術設計(3),語言學習(3),醫療保健(2),人文社科(2),宗教命理(2),電腦資訊(1),旅遊(1),自然科普(1),親子教養(1),生活風格(1),,,,,,
2025-04-16 02:23:42,商業理財(9),文學小說(9),童書/青少年文學(8),語言學習(5),心理勵志(4),宗教命理(3),電腦資訊(2),人文社科(2),醫療保健(2),自然科普(2),生活風格(1),旅遊(1),親子教養(1),藝術設計(1),,,,,,
2025-04-16 03:17:04,商業理財(8),童書/青少年文學(8),語言學習(6),文學小說(6),宗教命理(6),心理勵志(5),自然科普(3),電腦資訊(2),人文社科(2),醫療保健(2),生活風格(1),旅遊(1),,,,,,,,
2025-04-16 04:20:41,商業理財(8),文學小說(7),語言學習(6),童書/青少年文學(6),宗教命理(6),心理勵志(5),人文社科(3),電腦資訊(2),醫療保健(2),藝術設計(1),生活風格(1),飲食(1),考試用書(1),旅遊(1),,,,,,
2025-04-16 05:18:16,商業理財(10),語言學習(6),童書/青少年文學(5),心理勵志(5),宗教命理(5),人文社科(5),文學小說(4),電腦資訊(2),醫療保健(2),藝術設計(1),限制級商品（需登入）(1),親子教養(1),生活風格(1),飲食(1),考試用書(1),,,,,
2025-04-16 06:18:51,商業理財(11),語言學習(6),人文社科(5),文學小說(4),童書/青少年文學(4),心理勵志(4),電腦資訊(4),宗教命理(3),藝術設計(2),親子教養(2),限制級商品（需登入）(1),生活風格(1),醫療保健(1),飲食(1),考試用書(1),,,,,
2025-04-16 07:18:42,商業理財(12),語言學習(7),文學小說(6),電腦資訊(5),人文社科(5),童書/青少年文學(3),心理勵志(3),宗教命理(2),親子教養(2),藝術設計(2),生活風格(2),限制級商品（需登入）(1),,,,,,,,
2025-04-16 09:16:18,商業理財(14),童書/青少年文學(11),人文社科(4),心理勵志(4),宗教命理(3),醫療保健(3),文學小說(3),親子教養(2),生活風格(2),語言學習(2),電腦資訊(1),限制級商品（需登入）(1),,,,,,,,
2025-04-16 11:06:25,商業理財(17),心理勵志(7),文學小說(5),童書/青少年文學(5),人文社科(4),宗教命理(2),醫療保健(2),親子教養(2),語言學習(2),電腦資訊(1),專業/教科書/政府出版品(1),限制級商品（需登入）(1),生活風格(1),,,,,,,
2025-04-16 12:22:38,商業理財(12),心理勵志(7),童書/青少年文學(7),文學小說(5),人文社科(4),醫療保健(3),親子教養(3),生活風格(2),語言學習(2),宗教命理(2),電腦資訊(1),限制級商品（需登入）(1),專業/教科書/政府出版品(1),,,,,,,
2025-04-16 13:19:45,商業理財(13),心理勵志(7),童書/青少年文學(6),文學小說(5),親子教養(5),人文社科(3),生活風格(2),醫療保健(2),語言學習(2),宗教命理(2),電腦資訊(1),專業/教科書/政府出版品(1),限制級商品（需登入）(1),,,,,,,
2025-04-16 14:26:11,商業理財(12),心理勵志(9),親子教養(5),文學小說(4),童書/青少年文學(4),人文社科(4),語言學習(3),醫療保健(2),生活風格(2),電腦資訊(1),專業/教科書/政府出版品(1),限制級商品（需登入）(1),宗教命理(1),考試用書(1),,,,,,
2025-04-16 15:19:19,商業理財(15),心理勵志(6),童書/青少年文學(5),人文社科(5),文學小說(4),親子教養(4),語言學習(3),宗教命理(2),生活風格(2),醫療保健(1),電腦資訊(1),限制級商品（需登入）(1),專業/教科書/政府出版品(1),,,,,,,
2025-04-16 16:25:11,商業理財(18),童書/青少年文學(4),語言學習(4),親子教養(4),心理勵志(4),文學小說(3),人文社科(3),宗教命理(2),醫療保健(2),生活風格(2),電腦資訊(1),專業/教科書/政府出版品(1),考試用書(1),限制級商品（需登入）(1),,,,,,
2025-04-16 17:21:12,商業理財(17),親子教養(4),語言學習(4),童書/青少年文學(4),人文社科(4),心理勵志(4),文學小說(3),醫療保健(2),宗教命理(2),生活風格(2),專業/教科書/政府出版品(1),電腦資訊(1),考試用書(1),限制級商品（需登入）(1),,,,,,
2025-04-16 18:20:55,商業理財(16),語言學習(5),童書/青少年文學(5),心理勵志(5),親子教養(4),人文社科(4),文學小說(3),宗教命理(2),醫療保健(2),電腦資訊(1),專業/教科書/政府出版品(1),生活風格(1),藝術設計(1),,,,,,,
2025-04-16 19:17:04,商業理財(16),語言學習(5),心理勵志(5),親子教養(4),文學小說(4),童書/青少年文學(4),人文社科(4),宗教命理(2),醫療保健(2),電腦資訊(1),專業/教科書/政府出版品(1),生活風格(1),藝術設計(1),,,,,,,
2025-04-16 20:34:28,商業理財(17),親子教養(5),語言學習(5),心理勵志(5),文學小說(4),人文社科(4),童書/青少年文學(3),醫療保健(2),電腦資訊(1),宗教命理(1),專業/教科書/政府出版品(1),生活風格(1),藝術設計(1),,,,,,,
2025-04-16 21:29:43,商業理財(20),心理勵志(6),語言學習(5),童書/青少年文學(5),人文社科(4),親子教養(4),文學小說(3),宗教命理(2),電腦資訊(1),,,,,,,,,,,
2025-04-16 22:20:11,商業理財(20),心理勵志(6),語言學習(5),人文社科(4),童書/青少年文學(4),親子教養(3),文學小說(3),宗教命理(2),電腦資訊(1),生活風格(1),限制級商品（需登入）(1),,,,,,,,,
2025-04-16 23:20:55,商業理財(19),心理勵志(7),語言學習(5),文學小說(4),人文社科(4),童書/青少年文學(4),親子教養(3),宗教命理(2),電腦資訊(1),限制級商品（需登入）(1),,,,,,,,,,
2025-04-17 00:23:38,商業理財(13),童書/青少年文學(12),文學小說(6),親子教養(5),語言學習(3),人文社科(3),心理勵志(3),宗教命理(2),國中小參考書(1),生活風格(1),醫療保健(1),,,,,,,,,
2025-04-17 01:18:03,文學小說(11),童書/青少年文學(8),商業理財(7),宗教命理(5),人文社科(5),心理勵志(4),專業/教科書/政府出版品(4),生活風格(2),飲食(1),限制級商品（需登入）(1),親子教養(1),藝術設計(1),,,,,,,,
2025-04-17 02:25:40,文學小說(10),商業理財(7),童書/青少年文學(7),心理勵志(6),宗教命理(5),專業/教科書/政府出版品(4),人文社科(3),生活風格(2),考試用書(2),語言學習(1),飲食(1),限制級商品（需登入）(1),藝術設計(1),,,,,,,
2025-04-17 03:15:45,文學小說(10),商業理財(8),心理勵志(6),童書/青少年文學(6),宗教命理(5),專業/教科書/政府出版品(5),人文社科(3),生活風格(2),飲食(1),限制級商品（需登入）(1),語言學習(1),藝術設計(1),考試用書(1),,,,,,,
2025-04-17 04:21:42,文學小說(10),商業理財(8),童書/青少年文學(7),心理勵志(6),宗教命理(5),專業/教科書/政府出版品(5),生活風格(2),人文社科(2),飲食(1),限制級商品（需登入）(1),語言學習(1),藝術設計(1),考試用書(1),,,,,,,
2025-04-17 05:18:36,文學小說(10),商業理財(8),心理勵志(7),童書/青少年文學(6),宗教命理(5),專業/教科書/政府出版品(5),生活風格(2),人文社科(2),飲食(1),限制級商品（需登入）(1),語言學習(1),藝術設計(1),考試用書(1),,,,,,,
2025-04-17 06:18:17,商業理財(9),文學小說(8),心理勵志(8),童書/青少年文學(6),宗教命理(5),專業/教科書/政府出版品(5),生活風格(2),人文社科(2),飲食(1),語言學習(1),限制級商品（需登入）(1),親子教養(1),藝術設計(1),,,,,,,
2025-04-17 07:18:21,文學小說(10),童書/青少年文學(9),商業理財(8),心理勵志(7),宗教命理(4),人文社科(3),專業/教科書/政府出版品(3),生活風格(2),飲食(1),限制級商品（需登入）(1),語言學習(1),親子教養(1),,,,,,,,
2025-04-17 09:15:43,文學小說(9),商業理財(8),心理勵志(7),童書/青少年文學(7),人文社科(4),宗教命理(4),考試用書(2),生活風格(2),醫療保健(2),飲食(1),國中小參考書(1),自然科普(1),限制級商品（需登入）(1),語言學習(1),,,,,,
2025-04-17 11:05:09,商業理財(9),文學小說(8),人文社科(7),心理勵志(6),童書/青少年文學(5),醫療保健(4),宗教命理(2),考試用書(2),生活風格(1),親子教養(1),飲食(1),語言學習(1),限制級商品（需登入）(1),國中小參考書(1),自然科普(1),,,,,
2025-04-17 12:22:41,文學小說(11),商業理財(10),童書/青少年文學(7),宗教命理(5),心理勵志(5),人文社科(4),醫療保健(2),生活風格(1),考試用書(1),親子教養(1),飲食(1),語言學習(1),限制級商品（需登入）(1),,,,,,,
2025-04-17 13:19:53,商業理財(10),文學小說(9),童書/青少年文學(7),心理勵志(5),宗教命理(5),人文社科(5),藝術設計(2),生活風格(2),醫療保健(2),考試用書(1),親子教養(1),飲食(1),,,,,,,,
2025-04-17 14:26:00,商業理財(9),文學小說(9),心理勵志(7),童書/青少年文學(6),人文社科(5),宗教命理(4),飲食(2),生活風格(2),藝術設計(2),醫療保健(2),考試用書(1),親子教養(1),,,,,,,,
2025-04-17 15:19:48,商業理財(9),心理勵志(7),文學小說(7),童書/青少年文學(7),宗教命理(5),人文社科(5),飲食(2),生活風格(2),藝術設計(2),醫療保健(2),考試用書(1),親子教養(1),,,,,,,,
2025-04-17 16:25:16,商業理財(9),心理勵志(7),文學小說(7),童書/青少年文學(7),宗教命理(4),人文社科(4),藝術設計(3),生活風格(2),飲食(2),醫療保健(2),考試用書(1),親子教養(1),語言學習(1),,,,,,,
2025-04-17 17:20:47,商業理財(8),心理勵志(7),文學小說(7),童書/青少年文學(7),人文社科(4),藝術設計(3),宗教命理(3),飲食(2),生活風格(2),醫療保健(2),考試用書(1),專業/教科書/政府出版品(1),親子教養(1),語言學習(1),限制級商品（需登入）(1),,,,,
2025-04-17 18:20:52,商業理財(9),文學小說(7),童書/青少年文學(7),心理勵志(6),宗教命理(4),人文社科(4),藝術設計(3),生活風格(2),飲食(2),醫療保健(2),考試用書(1),專業/教科書/政府出版品(1),親子教養(1),語言學習(1),,,,,,
2025-04-17 19:16:43,商業理財(9),文學小說(7),心理勵志(6),童書/青少年文學(6),宗教命理(4),人文社科(4),藝術設計(3),生活風格(2),飲食(2),醫療保健(2),語言學習(2),考試用書(1),專業/教科書/政府出版品(1),親子教養(1),,,,,,
2025-04-17 20:34:20,商業理財(8),心理勵志(7),文學小說(7),童書/青少年文學(7),宗教命理(4),人文社科(4),藝術設計(3),生活風格(2),飲食(2),醫療保健(2),考試用書(1),專業/教科書/政府出版品(1),親子教養(1),語言學習(1),,,,,,
2025-04-17 21:29:09,文學小說(9),商業理財(8),心理勵志(8),童書/青少年文學(6),人文社科(4),宗教命理(3),藝術設計(3),生活風格(2),醫療保健(2),飲食(1),考試用書(1),專業/教科書/政府出版品(1),親子教養(1),語言學習(1),,,,,,
2025-04-17 22:18:44,商業理財(9),文學小說(9),心理勵志(6),童書/青少年文學(6),宗教命理(4),人文社科(4),藝術設計(3),生活風格(2),醫療保健(2),飲食(1),考試用書(1),專業/教科書/政府出版品(1),親子教養(1),語言學習(1),,,,,,
2025-04-17 23:20:05,童書/青少年文學(9),文學小說(9),商業理財(8),心理勵志(6),宗教命理(4),人文社科(4),生活風格(2),藝術設計(2),飲食(1),考試用書(1),專業/教科書/政府出版品(1),醫療保健(1),語言學習(1),親子教養(1),,,,,,
2025-04-18 00:23:16,商業理財(9),文學小說(9),童書/青少年文學(7),心理勵志(6),宗教命理(6),人文社科(3),語言學習(3),生活風格(2),醫療保健(1),自然科普(1),親子教養(1),限制級商品（需登入）(1),電腦資訊(1),,,,,,,
2025-04-18 01:17:05,文學小說(17),商業理財(11),童書/青少年文學(5),人文社科(5),宗教命理(3),心理勵志(3),語言學習(2),生活風格(2),醫療保健(2),,,,,,,,,,,
2025-04-18 02:24:24,商業理財(12),文學小說(12),童書/青少年文學(8),人文社科(4),宗教命理(3),心理勵志(3),生活風格(2),語言學習(2),醫療保健(2),電腦資訊(1),旅遊(1),,,,,,,,,
2025-04-18 03:16:28,文學小說(14),商業理財(12),童書/青少年文學(5),人文社科(5),宗教命理(3),心理勵志(3),生活風格(2),語言學習(1),電腦資訊(1),旅遊(1),自然科普(1),醫療保健(1),限制級商品（需登入）(1),,,,,,,
2025-04-18 04:20:46,商業理財(12),文學小說(12),童書/青少年文學(6),宗教命理(4),人文社科(4),心理勵志(3),生活風格(3),國中小參考書(1),語言學習(1),自然科普(1),電腦資訊(1),旅遊(1),醫療保健(1),,,,,,,
2025-04-18 05:18:27,商業理財(12),文學小說(11),童書/青少年文學(6),人文社科(5),心理勵志(5),宗教命理(4),生活風格(3),國中小參考書(1),語言學習(1),自然科普(1),電腦資訊(1),,,,,,,,,
2025-04-18 06:18:09,商業理財(12),文學小說(11),童書/青少年文學(6),心理勵志(5),宗教命理(4),人文社科(4),生活風格(3),國中小參考書(1),語言學習(1),自然科普(1),限制級商品（需登入）(1),電腦資訊(1),,,,,,,,
2025-04-18 07:18:53,商業理財(12),文學小說(11),童書/青少年文學(6),心理勵志(5),宗教命理(5),生活風格(3),人文社科(3),國中小參考書(1),語言學習(1),自然科普(1),限制級商品（需登入）(1),電腦資訊(1),,,,,,,,
2025-04-18 09:14:45,商業理財(12),心理勵志(8),文學小說(8),童書/青少年文學(6),宗教命理(5),生活風格(3),人文社科(3),語言學習(2),專業/教科書/政府出版品(1),國中小參考書(1),限制級商品（需登入）(1),,,,,,,,,
2025-04-18 11:01:47,商業理財(13),心理勵志(9),童書/青少年文學(6),宗教命理(5),文學小說(4),人文社科(4),生活風格(3),專業/教科書/政府出版品(2),國中小參考書(2),親子教養(1),醫療保健(1),,,,,,,,,
2025-04-18 11:37:43,商業理財(14),心理勵志(9),童書/青少年文學(8),文學小說(4),宗教命理(4),生活風格(3),人文社科(3),專業/教科書/政府出版品(2),醫療保健(1),考試用書(1),國中小參考書(1),,,,,,,,,
2025-04-18 12:22:24,商業理財(14),心理勵志(9),童書/青少年文學(7),文學小說(5),宗教命理(4),生活風格(3),醫療保健(2),人文社科(2),專業/教科書/政府出版品(2),考試用書(1),語言學習(1),,,,,,,,,
2025-04-18 13:19:37,商業理財(15),心理勵志(9),文學小說(6),童書/青少年文學(6),宗教命理(3),生活風格(3),醫療保健(3),人文社科(3),專業/教科書/政府出版品(1),考試用書(1),,,,,,,,,,
2025-04-18 14:25:52,商業理財(15),心理勵志(8),童書/青少年文學(7),文學小說(6),宗教命理(3),醫療保健(3),人文社科(3),生活風格(2),專業/教科書/政府出版品(1),親子教養(1),限制級商品（需登入）(1),,,,,,,,,
2025-04-18 15:19:05,商業理財(14),心理勵志(9),童書/青少年文學(7),文學小說(5),人文社科(4),宗教命理(4),生活風格(3),醫療保健(2),語言學習(1),專業/教科書/政府出版品(1),,,,,,,,,,
2025-04-18 16:23:51,商業理財(18),心理勵志(7),童書/青少年文學(7),文學小說(5),人文社科(4),醫療保健(3),宗教命理(2),生活風格(2),語言學習(1),電腦資訊(1),,,,,,,,,,
2025-04-18 17:19:35,商業理財(16),心理勵志(8),童書/青少年文學(7),文學小說(5),人文社科(4),醫療保健(3),宗教命理(2),生活風格(2),電腦資訊(1),語言學習(1),限制級商品（需登入）(1),,,,,,,,,
2025-04-18 18:20:30,商業理財(17),心理勵志(7),童書/青少年文學(7),文學小說(5),人文社科(4),生活風格(3),醫療保健(3),宗教命理(2),電腦資訊(1),語言學習(1),,,,,,,,,,
2025-04-18 19:16:47,商業理財(18),心理勵志(7),童書/青少年文學(6),文學小說(5),人文社科(4),生活風格(3),醫療保健(3),宗教命理(2),電腦資訊(1),語言學習(1),,,,,,,,,,
2025-04-18 20:33:04,商業理財(17),心理勵志(7),童書/青少年文學(6),文學小說(5),人文社科(5),生活風格(3),醫療保健(3),宗教命理(2),電腦資訊(1),語言學習(1),,,,,,,,,,
2025-04-18 21:27:23,商業理財(17),心理勵志(7),童書/青少年文學(7),文學小說(5),人文社科(4),生活風格(3),醫療保健(3),宗教命理(2),電腦資訊(1),語言學習(1),,,,,,,,,,
2025-04-18 22:17:47,商業理財(17),心理勵志(7),童書/青少年文學(7),文學小說(5),人文社科(4),生活風格(3),醫療保健(3),宗教命理(2),電腦資訊(1),語言學習(1),,,,,,,,,,
2025-04-18 23:19:40,商業理財(17),心理勵志(7),童書/青少年文學(7),文學小說(5),人文社科(4),生活風格(3),醫療保健(3),宗教命理(2),電腦資訊(1),語言學習(1),,,,,,,,,,
2025-04-19 00:22:21,童書/青少年文學(13),商業理財(11),文學小說(5),心理勵志(4),生活風格(4),宗教命理(3),電腦資訊(2),語言學習(2),飲食(1),醫療保健(1),人文社科(1),限制級商品（需登入）(1),藝術設計(1),國中小參考書(1),,,,,,
2025-04-19 01:17:23,商業理財(10),醫療保健(8),文學小說(7),心理勵志(7),童書/青少年文學(5),生活風格(4),人文社科(3),宗教命理(1),親子教養(1),考試用書(1),語言學習(1),旅遊(1),專業/教科書/政府出版品(1),,,,,,,
2025-04-19 02:24:25,商業理財(12),文學小說(11),心理勵志(9),宗教命理(3),人文社科(3),語言學習(3),醫療保健(2),生活風格(2),童書/青少年文學(2),親子教養(1),考試用書(1),旅遊(1),,,,,,,,
2025-04-19 03:16:15,商業理財(14),文學小說(12),心理勵志(8),童書/青少年文學(4),宗教命理(3),生活風格(2),人文社科(2),醫療保健(2),語言學習(2),親子教養(1),,,,,,,,,,
2025-04-19 04:20:10,商業理財(13),文學小說(11),心理勵志(8),童書/青少年文學(5),宗教命理(4),生活風格(3),人文社科(2),醫療保健(2),親子教養(1),語言學習(1),,,,,,,,,,
2025-04-19 05:18:05,商業理財(14),文學小說(14),心理勵志(6),童書/青少年文學(5),宗教命理(3),生活風格(3),人文社科(2),親子教養(1),醫療保健(1),語言學習(1),,,,,,,,,,
2025-04-19 06:18:23,商業理財(15),文學小說(11),心理勵志(7),宗教命理(4),人文社科(3),童書/青少年文學(3),生活風格(3),醫療保健(2),親子教養(1),語言學習(1),,,,,,,,,,
2025-04-19 07:18:28,商業理財(15),文學小說(12),心理勵志(7),宗教命理(5),童書/青少年文學(3),生活風格(3),人文社科(2),醫療保健(2),親子教養(1),,,,,,,,,,,
2025-04-19 09:12:52,商業理財(13),文學小說(10),語言學習(8),心理勵志(6),宗教命理(4),童書/青少年文學(4),人文社科(2),生活風格(2),醫療保健(1),,,,,,,,,,,
2025-04-19 10:58:09,商業理財(14),心理勵志(8),文學小說(8),語言學習(8),童書/青少年文學(4),宗教命理(4),人文社科(3),生活風格(1),,,,,,,,,,,,
2025-04-19 11:31:13,商業理財(12),心理勵志(8),文學小說(8),語言學習(5),宗教命理(4),童書/青少年文學(3),人文社科(3),考試用書(2),專業/教科書/政府出版品(2),醫療保健(1),生活風格(1),電腦資訊(1),,,,,,,,
2025-04-19 12:21:29,商業理財(13),心理勵志(8),文學小說(7),宗教命理(4),語言學習(4),人文社科(4),童書/青少年文學(3),醫療保健(2),考試用書(2),專業/教科書/政府出版品(2),生活風格(1),,,,,,,,,
2025-04-19 13:19:02,商業理財(13),文學小說(9),心理勵志(8),宗教命理(6),人文社科(4),童書/青少年文學(3),醫療保健(3),語言學習(3),生活風格(1),,,,,,,,,,,
2025-04-19 14:24:34,商業理財(15),心理勵志(9),文學小說(8),人文社科(4),宗教命理(4),童書/青少年文學(3),醫療保健(3),語言學習(3),國中小參考書(1),,,,,,,,,,,
2025-04-19 15:17:16,商業理財(14),心理勵志(9),文學小說(7),人文社科(5),童書/青少年文學(4),宗教命理(4),醫療保健(3),語言學習(3),生活風格(1),,,,,,,,,,,
2025-04-19 16:21:32,商業理財(13),心理勵志(11),文學小說(6),人文社科(5),宗教命理(4),語言學習(4),童書/青少年文學(3),醫療保健(2),生活風格(2),,,,,,,,,,,
2025-04-19 17:18:18,商業理財(13),心理勵志(12),文學小說(7),語言學習(4),人文社科(4),宗教命理(3),童書/青少年文學(3),醫療保健(2),生活風格(2),,,,,,,,,,,
2025-04-19 18:18:33,商業理財(13),心理勵志(12),文學小說(8),語言學習(4),人文社科(4),童書/青少年文學(3),醫療保健(2),宗教命理(2),生活風格(2),,,,,,,,,,,
2025-04-19 19:16:53,商業理財(13),心理勵志(12),文學小說(8),人文社科(4),語言學習(4),童書/青少年文學(3),醫療保健(2),宗教命理(2),親子教養(1),生活風格(1),,,,,,,,,,
2025-04-19 20:30:13,商業理財(13),心理勵志(12),文學小說(8),人文社科(4),童書/青少年文學(4),語言學習(4),醫療保健(2),宗教命理(2),生活風格(1),,,,,,,,,,,
2025-04-19 21:24:39,商業理財(14),心理勵志(12),文學小說(8),人文社科(4),語言學習(4),童書/青少年文學(3),醫療保健(2),宗教命理(2),生活風格(1),,,,,,,,,,,
2025-04-19 22:16:59,商業理財(13),心理勵志(12),文學小說(9),人文社科(4),童書/青少年文學(3),宗教命理(3),語言學習(3),醫療保健(1),藝術設計(1),生活風格(1),,,,,,,,,,
2025-04-19 23:17:49,商業理財(14),心理勵志(12),文學小說(9),人文社科(3),童書/青少年文學(3),宗教命理(3),語言學習(2),限制級商品（需登入）(1),醫療保健(1),藝術設計(1),旅遊(1),,,,,,,,,
2025-04-20 00:22:11,文學小說(8),心理勵志(7),童書/青少年文學(7),商業理財(7),宗教命理(5),人文社科(5),醫療保健(2),藝術設計(2),專業/教科書/政府出版品(2),電腦資訊(2),生活風格(1),限制級商品（需登入）(1),語言學習(1),,,,,,,
2025-04-20 01:16:44,商業理財(9),心理勵志(8),文學小說(8),醫療保健(5),童書/青少年文學(3),宗教命理(3),親子教養(3),語言學習(2),考試用書(2),生活風格(1),專業/教科書/政府出版品(1),飲食(1),電腦資訊(1),藝術設計(1),人文社科(1),自然科普(1),,,,
2025-04-20 02:22:32,商業理財(11),心理勵志(9),文學小說(7),宗教命理(5),生活風格(4),醫療保健(3),童書/青少年文學(2),語言學習(2),飲食(2),考試用書(2),專業/教科書/政府出版品(1),人文社科(1),電腦資訊(1),,,,,,,
2025-04-20 03:16:47,心理勵志(12),商業理財(12),文學小說(5),宗教命理(5),童書/青少年文學(4),生活風格(4),醫療保健(3),語言學習(2),電腦資訊(1),飲食(1),考試用書(1),,,,,,,,,
2025-04-20 04:19:21,商業理財(13),心理勵志(9),文學小說(4),童書/青少年文學(4),生活風格(4),醫療保健(3),親子教養(3),宗教命理(3),語言學習(2),電腦資訊(1),藝術設計(1),考試用書(1),飲食(1),人文社科(1),,,,,,
2025-04-20 05:17:09,商業理財(15),心理勵志(7),童書/青少年文學(5),醫療保健(4),文學小說(4),宗教命理(3),生活風格(3),親子教養(2),語言學習(2),電腦資訊(1),藝術設計(1),考試用書(1),飲食(1),人文社科(1),,,,,,
2025-04-20 06:18:10,商業理財(16),心理勵志(7),童書/青少年文學(6),文學小說(4),醫療保健(4),宗教命理(4),語言學習(2),人文社科(2),電腦資訊(1),生活風格(1),考試用書(1),藝術設計(1),飲食(1),,,,,,,
2025-04-20 07:19:28,商業理財(18),心理勵志(7),童書/青少年文學(7),文學小說(4),醫療保健(3),宗教命理(3),語言學習(2),電腦資訊(1),考試用書(1),生活風格(1),人文社科(1),藝術設計(1),飲食(1),,,,,,,
2025-04-20 09:20:19,商業理財(15),心理勵志(9),醫療保健(5),童書/青少年文學(5),文學小說(4),宗教命理(4),人文社科(2),電腦資訊(1),生活風格(1),語言學習(1),藝術設計(1),考試用書(1),飲食(1),,,,,,,
2025-04-20 11:09:38,心理勵志(13),商業理財(12),文學小說(5),宗教命理(4),童書/青少年文學(4),醫療保健(3),語言學習(2),人文社科(2),藝術設計(2),電腦資訊(1),生活風格(1),國中小參考書(1),,,,,,,,
2025-04-20 12:21:18,商業理財(14),心理勵志(12),文學小說(6),童書/青少年文學(6),宗教命理(2),人文社科(2),生活風格(2),語言學習(2),電腦資訊(1),醫療保健(1),藝術設計(1),親子教養(1),,,,,,,,
2025-04-20 13:18:33,商業理財(13),心理勵志(13),童書/青少年文學(6),文學小說(5),生活風格(3),人文社科(2),醫療保健(2),宗教命理(2),語言學習(2),電腦資訊(1),藝術設計(1),,,,,,,,,
2025-04-20 14:24:15,商業理財(13),心理勵志(13),文學小說(5),童書/青少年文學(5),人文社科(3),生活風格(3),醫療保健(2),語言學習(2),宗教命理(2),電腦資訊(1),藝術設計(1),,,,,,,,,
2025-04-20 15:18:59,商業理財(15),心理勵志(12),文學小說(5),童書/青少年文學(5),宗教命理(4),醫療保健(3),語言學習(2),電腦資訊(1),人文社科(1),生活風格(1),藝術設計(1),,,,,,,,,
2025-04-20 16:22:03,商業理財(15),心理勵志(13),文學小說(6),童書/青少年文學(6),語言學習(2),人文社科(2),宗教命理(2),電腦資訊(1),醫療保健(1),生活風格(1),藝術設計(1),,,,,,,,,
2025-04-20 17:17:56,商業理財(15),心理勵志(12),文學小說(5),童書/青少年文學(5),人文社科(4),宗教命理(4),電腦資訊(1),醫療保健(1),生活風格(1),語言學習(1),藝術設計(1),,,,,,,,,
2025-04-20 18:19:09,商業理財(14),心理勵志(12),宗教命理(5),文學小說(5),童書/青少年文學(5),人文社科(3),生活風格(2),醫療保健(2),電腦資訊(1),語言學習(1),,,,,,,,,,
2025-04-20 19:16:38,商業理財(15),心理勵志(12),童書/青少年文學(5),文學小說(5),人文社科(4),宗教命理(3),生活風格(2),醫療保健(2),電腦資訊(1),語言學習(1),,,,,,,,,,
2025-04-20 20:31:19,商業理財(15),心理勵志(14),人文社科(4),文學小說(4),童書/青少年文學(4),醫療保健(2),語言學習(2),生活風格(2),宗教命理(2),電腦資訊(1),,,,,,,,,,
2025-04-20 21:26:43,商業理財(15),心理勵志(14),文學小說(5),童書/青少年文學(5),人文社科(3),生活風格(2),醫療保健(2),電腦資訊(1),自然科普(1),語言學習(1),宗教命理(1),,,,,,,,,
2025-04-20 22:16:56,商業理財(16),心理勵志(15),文學小說(4),童書/青少年文學(4),人文社科(4),醫療保健(2),電腦資訊(1),生活風格(1),自然科普(1),語言學習(1),宗教命理(1),,,,,,,,,
2025-04-20 23:18:02,商業理財(15),心理勵志(14),文學小說(6),童書/青少年文學(4),人文社科(4),醫療保健(2),電腦資訊(1),生活風格(1),自然科普(1),語言學習(1),宗教命理(1),,,,,,,,,
2025-04-21 00:20:47,商業理財(10),文學小說(10),心理勵志(9),童書/青少年文學(8),語言學習(4),人文社科(3),電腦資訊(2),飲食(1),藝術設計(1),宗教命理(1),生活風格(1),,,,,,,,,
2025-04-21 01:18:07,商業理財(17),文學小說(9),心理勵志(5),人文社科(4),童書/青少年文學(4),宗教命理(2),自然科普(2),電腦資訊(2),醫療保健(2),影視偶像(1),考試用書(1),藝術設計(1),,,,,,,,
2025-04-21 02:22:56,商業理財(16),心理勵志(8),醫療保健(5),宗教命理(5),人文社科(4),文學小說(4),電腦資訊(1),飲食(1),影視偶像(1),限制級商品（需登入）(1),童書/青少年文學(1),考試用書(1),自然科普(1),藝術設計(1),,,,,,
2025-04-21 03:17:13,商業理財(15),宗教命理(6),文學小說(6),心理勵志(5),人文社科(4),童書/青少年文學(4),醫療保健(3),影視偶像(1),飲食(1),電腦資訊(1),限制級商品（需登入）(1),藝術設計(1),考試用書(1),自然科普(1),,,,,,
2025-04-21 04:19:26,商業理財(17),文學小說(8),宗教命理(6),人文社科(4),童書/青少年文學(4),醫療保健(3),心理勵志(3),影視偶像(1),電腦資訊(1),飲食(1),生活風格(1),限制級商品（需登入）(1),,,,,,,,
2025-04-21 05:17:18,商業理財(16),文學小說(8),宗教命理(5),人文社科(4),醫療保健(4),心理勵志(4),童書/青少年文學(3),飲食(1),影視偶像(1),電腦資訊(1),生活風格(1),限制級商品（需登入）(1),語言學習(1),,,,,,,
2025-04-21 06:17:50,商業理財(16),文學小說(8),心理勵志(5),宗教命理(5),人文社科(4),醫療保健(4),童書/青少年文學(3),影視偶像(1),電腦資訊(1),飲食(1),生活風格(1),限制級商品（需登入）(1),,,,,,,,
2025-04-21 07:18:05,商業理財(12),文學小說(8),人文社科(6),心理勵志(6),宗教命理(5),醫療保健(4),童書/青少年文學(3),飲食(1),影視偶像(1),電腦資訊(1),生活風格(1),藝術設計(1),限制級商品（需登入）(1),,,,,,,
2025-04-21 09:19:16,商業理財(12),心理勵志(7),文學小說(7),宗教命理(6),人文社科(5),生活風格(4),醫療保健(3),電腦資訊(2),童書/青少年文學(1),影視偶像(1),飲食(1),專業/教科書/政府出版品(1),,,,,,,,
2025-04-21 11:11:27,文學小說(9),心理勵志(9),商業理財(9),宗教命理(4),生活風格(4),語言學習(4),醫療保健(3),人文社科(3),童書/青少年文學(2),影視偶像(1),專業/教科書/政府出版品(1),飲食(1),,,,,,,,
2025-04-21 12:22:52,心理勵志(10),文學小說(10),商業理財(9),童書/青少年文學(5),人文社科(4),語言學習(3),宗教命理(3),生活風格(2),醫療保健(2),影視偶像(1),專業/教科書/政府出版品(1),,,,,,,,,
2025-04-21 13:20:15,心理勵志(12),商業理財(9),文學小說(9),人文社科(5),宗教命理(3),童書/青少年文學(3),語言學習(3),醫療保健(3),影視偶像(1),生活風格(1),專業/教科書/政府出版品(1),,,,,,,,,
2025-04-21 14:25:56,心理勵志(12),文學小說(10),商業理財(9),人文社科(5),宗教命理(3),語言學習(3),醫療保健(3),童書/青少年文學(3),影視偶像(1),生活風格(1),,,,,,,,,,
2025-04-21 15:19:59,心理勵志(12),商業理財(10),文學小說(9),語言學習(4),童書/青少年文學(4),宗教命理(3),人文社科(3),醫療保健(3),影視偶像(1),生活風格(1),,,,,,,,,,
2025-04-21 16:24:38,心理勵志(13),商業理財(10),文學小說(8),童書/青少年文學(4),語言學習(4),宗教命理(3),人文社科(3),親子教養(2),影視偶像(1),醫療保健(1),生活風格(1),,,,,,,,,
2025-04-21 17:20:46,商業理財(12),心理勵志(12),文學小說(7),童書/青少年文學(5),語言學習(4),人文社科(3),宗教命理(2),親子教養(2),影視偶像(1),醫療保健(1),生活風格(1),,,,,,,,,
2025-04-21 18:20:41,心理勵志(12),商業理財(10),文學小說(7),語言學習(5),童書/青少年文學(5),人文社科(3),生活風格(2),宗教命理(2),親子教養(2),影視偶像(1),醫療保健(1),,,,,,,,,
2025-04-21 19:17:13,心理勵志(12),商業理財(11),文學小說(8),童書/青少年文學(5),語言學習(4),人文社科(3),生活風格(2),親子教養(2),宗教命理(1),影視偶像(1),醫療保健(1),,,,,,,,,
2025-04-21 20:34:05,心理勵志(12),商業理財(11),文學小說(7),童書/青少年文學(4),人文社科(3),宗教命理(3),語言學習(3),生活風格(2),親子教養(2),影視偶像(1),專業/教科書/政府出版品(1),醫療保健(1),,,,,,,,
2025-04-21 21:28:10,心理勵志(12),商業理財(10),文學小說(8),人文社科(6),童書/青少年文學(4),語言學習(3),生活風格(2),宗教命理(1),專業/教科書/政府出版品(1),影視偶像(1),醫療保健(1),親子教養(1),,,,,,,,
2025-04-21 22:18:23,心理勵志(12),商業理財(10),文學小說(9),人文社科(5),童書/青少年文學(4),語言學習(3),生活風格(2),宗教命理(1),專業/教科書/政府出版品(1),影視偶像(1),醫療保健(1),親子教養(1),,,,,,,,
2025-04-21 23:20:12,心理勵志(12),商業理財(10),文學小說(7),人文社科(5),童書/青少年文學(4),語言學習(4),醫療保健(2),生活風格(2),宗教命理(1),影視偶像(1),專業/教科書/政府出版品(1),親子教養(1),,,,,,,,
2025-04-22 00:22:40,商業理財(14),童書/青少年文學(10),文學小說(6),心理勵志(4),生活風格(4),自然科普(3),語言學習(3),人文社科(3),宗教命理(2),限制級商品（需登入）(1),,,,,,,,,,
2025-04-22 01:18:48,商業理財(15),心理勵志(8),文學小說(8),宗教命理(4),童書/青少年文學(3),語言學習(3),親子教養(2),生活風格(2),專業/教科書/政府出版品(2),電腦資訊(1),人文社科(1),影視偶像(1),,,,,,,,
2025-04-22 02:24:28,商業理財(14),文學小說(7),童書/青少年文學(7),語言學習(6),心理勵志(5),宗教命理(4),自然科普(2),親子教養(1),影視偶像(1),生活風格(1),電腦資訊(1),人文社科(1),,,,,,,,
2025-04-22 03:16:26,商業理財(12),文學小說(9),童書/青少年文學(7),語言學習(6),宗教命理(5),心理勵志(4),親子教養(1),影視偶像(1),自然科普(1),生活風格(1),電腦資訊(1),人文社科(1),飲食(1),,,,,,,
2025-04-22 04:20:51,商業理財(12),文學小說(9),童書/青少年文學(7),語言學習(6),宗教命理(5),心理勵志(4),親子教養(1),影視偶像(1),自然科普(1),生活風格(1),電腦資訊(1),人文社科(1),飲食(1),,,,,,,
2025-04-22 05:18:19,商業理財(14),文學小說(8),童書/青少年文學(7),語言學習(5),宗教命理(4),心理勵志(4),親子教養(1),醫療保健(1),影視偶像(1),自然科普(1),生活風格(1),電腦資訊(1),人文社科(1),飲食(1),,,,,,
2025-04-22 06:19:17,商業理財(13),童書/青少年文學(9),文學小說(7),心理勵志(4),宗教命理(4),語言學習(4),人文社科(2),親子教養(1),影視偶像(1),醫療保健(1),自然科普(1),生活風格(1),電腦資訊(1),飲食(1),,,,,,
2025-04-22 07:18:05,商業理財(11),童書/青少年文學(9),文學小說(8),宗教命理(5),心理勵志(4),語言學習(3),親子教養(2),藝術設計(2),自然科普(2),醫療保健(1),影視偶像(1),生活風格(1),電腦資訊(1),,,,,,,
2025-04-22 09:15:39,商業理財(14),童書/青少年文學(9),心理勵志(7),文學小說(7),宗教命理(4),人文社科(2),自然科普(2),親子教養(1),語言學習(1),藝術設計(1),影視偶像(1),醫療保健(1),,,,,,,,
2025-04-22 11:04:43,商業理財(11),心理勵志(10),文學小說(9),童書/青少年文學(9),宗教命理(3),人文社科(3),親子教養(1),語言學習(1),自然科普(1),藝術設計(1),影視偶像(1),,,,,,,,,
2025-04-22 12:22:25,商業理財(11),文學小說(9),心理勵志(9),童書/青少年文學(8),宗教命理(5),人文社科(3),親子教養(1),自然科普(1),生活風格(1),語言學習(1),醫療保健(1),,,,,,,,,
2025-04-22 13:20:30,商業理財(11),心理勵志(9),文學小說(8),童書/青少年文學(7),宗教命理(6),人文社科(4),語言學習(2),親子教養(1),自然科普(1),生活風格(1),,,,,,,,,,
2025-04-22 14:26:13,商業理財(11),童書/青少年文學(9),心理勵志(8),文學小說(7),宗教命理(6),人文社科(4),親子教養(1),生活風格(1),自然科普(1),藝術設計(1),醫療保健(1),,,,,,,,,
2025-04-22 15:19:35,童書/青少年文學(12),心理勵志(9),商業理財(9),宗教命理(6),文學小說(6),人文社科(5),親子教養(1),生活風格(1),自然科普(1),,,,,,,,,,,
2025-04-22 16:24:36,童書/青少年文學(12),商業理財(11),心理勵志(9),宗教命理(6),文學小說(5),人文社科(4),親子教養(1),生活風格(1),自然科普(1),,,,,,,,,,,
2025-04-22 17:21:04,商業理財(12),童書/青少年文學(10),心理勵志(8),人文社科(6),宗教命理(5),文學小說(5),親子教養(1),生活風格(1),自然科普(1),語言學習(1),,,,,,,,,,
2025-04-22 18:20:34,商業理財(12),童書/青少年文學(9),心理勵志(8),宗教命理(6),文學小說(5),人文社科(5),旅遊(1),親子教養(1),飲食(1),生活風格(1),自然科普(1),,,,,,,,,
2025-04-22 19:17:40,商業理財(12),心理勵志(8),童書/青少年文學(7),文學小說(6),宗教命理(6),人文社科(6),旅遊(1),親子教養(1),飲食(1),生活風格(1),自然科普(1),,,,,,,,,
2025-04-22 20:34:05,商業理財(14),心理勵志(7),童書/青少年文學(7),文學小說(6),宗教命理(5),人文社科(5),親子教養(1),旅遊(1),飲食(1),生活風格(1),語言學習(1),自然科普(1),,,,,,,,
2025-04-22 21:30:02,商業理財(13),心理勵志(8),童書/青少年文學(7),文學小說(6),人文社科(6),宗教命理(5),旅遊(1),親子教養(1),飲食(1),生活風格(1),語言學習(1),,,,,,,,,
2025-04-22 22:19:22,商業理財(12),童書/青少年文學(8),心理勵志(8),文學小說(7),宗教命理(5),人文社科(5),旅遊(1),親子教養(1),飲食(1),生活風格(1),語言學習(1),,,,,,,,,
2025-04-22 23:20:25,商業理財(13),心理勵志(8),文學小說(7),童書/青少年文學(7),宗教命理(5),人文社科(4),親子教養(1),旅遊(1),醫療保健(1),生活風格(1),語言學習(1),飲食(1),,,,,,,,
2025-04-23 00:23:32,童書/青少年文學(13),商業理財(8),心理勵志(8),文學小說(4),人文社科(4),醫療保健(4),語言學習(3),宗教命理(2),旅遊(1),親子教養(1),國中小參考書(1),藝術設計(1),,,,,,,,
2025-04-23 01:18:44,心理勵志(14),文學小說(9),商業理財(9),宗教命理(4),童書/青少年文學(4),人文社科(3),生活風格(2),醫療保健(2),藝術設計(1),影視偶像(1),國中小參考書(1),,,,,,,,,
2025-04-23 02:24:49,心理勵志(12),文學小說(10),童書/青少年文學(10),商業理財(7),宗教命理(4),語言學習(3),藝術設計(1),飲食(1),人文社科(1),國中小參考書(1),,,,,,,,,,
2025-04-23 03:16:57,商業理財(11),文學小說(10),心理勵志(10),童書/青少年文學(9),宗教命理(4),藝術設計(2),醫療保健(1),親子教養(1),飲食(1),語言學習(1),,,,,,,,,,
2025-04-23 04:21:23,文學小說(11),商業理財(11),心理勵志(10),童書/青少年文學(7),宗教命理(3),藝術設計(2),生活風格(1),醫療保健(1),親子教養(1),飲食(1),人文社科(1),語言學習(1),,,,,,,,
2025-04-23 05:18:30,文學小說(12),心理勵志(10),商業理財(10),童書/青少年文學(9),宗教命理(2),藝術設計(2),醫療保健(2),生活風格(1),親子教養(1),飲食(1),,,,,,,,,,
2025-04-23 06:18:22,文學小說(12),商業理財(11),心理勵志(10),童書/青少年文學(8),宗教命理(2),藝術設計(2),醫療保健(2),生活風格(1),親子教養(1),飲食(1),,,,,,,,,,
2025-04-23 07:18:09,商業理財(13),心理勵志(12),文學小說(10),童書/青少年文學(4),人文社科(3),宗教命理(2),藝術設計(2),醫療保健(2),親子教養(1),生活風格(1),,,,,,,,,,
2025-04-23 09:16:25,語言學習(12),商業理財(9),心理勵志(9),文學小說(5),童書/青少年文學(5),宗教命理(3),親子教養(3),人文社科(1),藝術設計(1),醫療保健(1),專業/教科書/政府出版品(1),,,,,,,,,
2025-04-23 11:05:59,心理勵志(12),商業理財(7),童書/青少年文學(7),語言學習(6),文學小說(5),親子教養(3),醫療保健(3),宗教命理(2),專業/教科書/政府出版品(2),藝術設計(1),自然科普(1),人文社科(1),,,,,,,,
2025-04-23 12:22:59,心理勵志(12),童書/青少年文學(8),商業理財(7),文學小說(6),語言學習(5),親子教養(3),宗教命理(2),人文社科(2),生活風格(2),藝術設計(1),自然科普(1),專業/教科書/政府出版品(1),,,,,,,,
2025-04-23 13:20:18,心理勵志(12),文學小說(8),商業理財(7),語言學習(5),童書/青少年文學(5),親子教養(3),人文社科(3),宗教命理(2),醫療保健(2),藝術設計(1),專業/教科書/政府出版品(1),自然科普(1),,,,,,,,
2025-04-23 14:26:24,心理勵志(14),文學小說(9),商業理財(8),語言學習(5),童書/青少年文學(4),親子教養(3),宗教命理(2),醫療保健(2),自然科普(1),藝術設計(1),生活風格(1),,,,,,,,,
2025-04-23 15:23:34,心理勵志(13),商業理財(7),文學小說(7),語言學習(6),童書/青少年文學(5),親子教養(3),醫療保健(3),宗教命理(2),自然科普(1),人文社科(1),生活風格(1),藝術設計(1),,,,,,,,
2025-04-23 16:24:43,心理勵志(15),商業理財(7),文學小說(7),語言學習(5),童書/青少年文學(4),醫療保健(3),親子教養(3),宗教命理(2),人文社科(1),自然科普(1),生活風格(1),藝術設計(1),,,,,,,,
2025-04-23 17:20:49,心理勵志(14),文學小說(9),商業理財(8),童書/青少年文學(6),醫療保健(3),親子教養(3),宗教命理(2),語言學習(2),自然科普(1),生活風格(1),人文社科(1),,,,,,,,,
2025-04-23 18:21:45,心理勵志(13),文學小說(9),商業理財(8),童書/青少年文學(6),宗教命理(3),親子教養(3),醫療保健(3),自然科普(1),人文社科(1),生活風格(1),專業/教科書/政府出版品(1),語言學習(1),,,,,,,,
2025-04-23 19:17:41,心理勵志(13),商業理財(9),文學小說(9),童書/青少年文學(5),宗教命理(3),醫療保健(3),親子教養(3),人文社科(2),自然科普(1),生活風格(1),專業/教科書/政府出版品(1),,,,,,,,,
2025-04-23 20:34:28,心理勵志(14),商業理財(9),文學小說(9),童書/青少年文學(4),宗教命理(3),醫療保健(3),親子教養(3),人文社科(2),自然科普(1),專業/教科書/政府出版品(1),生活風格(1),,,,,,,,,
2025-04-23 21:30:34,心理勵志(14),文學小說(10),商業理財(8),宗教命理(3),醫療保健(3),童書/青少年文學(3),親子教養(2),人文社科(2),生活風格(2),自然科普(1),專業/教科書/政府出版品(1),語言學習(1),,,,,,,,
2025-04-23 22:20:02,心理勵志(14),文學小說(10),商業理財(9),醫療保健(4),童書/青少年文學(3),宗教命理(2),親子教養(2),人文社科(2),自然科普(1),專業/教科書/政府出版品(1),生活風格(1),語言學習(1),,,,,,,,
2025-04-23 23:21:04,心理勵志(14),文學小說(10),商業理財(9),醫療保健(4),童書/青少年文學(3),宗教命理(2),親子教養(2),人文社科(2),自然科普(1),專業/教科書/政府出版品(1),語言學習(1),生活風格(1),,,,,,,,
2025-04-24 00:23:41,文學小說(17),商業理財(9),童書/青少年文學(8),心理勵志(6),人文社科(3),親子教養(2),宗教命理(2),語言學習(1),藝術設計(1),醫療保健(1),,,,,,,,,,
2025-04-24 01:18:29,文學小說(14),心理勵志(7),人文社科(7),商業理財(5),醫療保健(4),語言學習(3),童書/青少年文學(3),親子教養(2),自然科普(2),藝術設計(1),旅遊(1),宗教命理(1),,,,,,,,
2025-04-24 02:26:09,文學小說(11),心理勵志(10),商業理財(5),語言學習(4),醫療保健(4),人文社科(4),童書/青少年文學(3),自然科普(2),藝術設計(2),親子教養(1),宗教命理(1),考試用書(1),生活風格(1),旅遊(1),,,,,,
2025-04-24 03:17:01,文學小說(13),心理勵志(10),商業理財(7),語言學習(5),醫療保健(3),人文社科(3),童書/青少年文學(3),親子教養(1),自然科普(1),宗教命理(1),藝術設計(1),考試用書(1),生活風格(1),,,,,,,
2025-04-24 04:21:35,文學小說(13),商業理財(10),心理勵志(9),語言學習(4),醫療保健(4),人文社科(3),童書/青少年文學(2),親子教養(1),自然科普(1),宗教命理(1),藝術設計(1),考試用書(1),,,,,,,,
2025-04-24 05:19:16,文學小說(12),心理勵志(11),商業理財(9),人文社科(4),語言學習(4),醫療保健(3),童書/青少年文學(2),宗教命理(2),親子教養(1),自然科普(1),藝術設計(1),,,,,,,,,
2025-04-24 06:19:02,文學小說(13),商業理財(10),心理勵志(9),人文社科(4),語言學習(4),醫療保健(3),童書/青少年文學(2),宗教命理(2),親子教養(1),自然科普(1),藝術設計(1),,,,,,,,,
2025-04-24 07:19:31,文學小說(15),心理勵志(10),商業理財(9),人文社科(4),醫療保健(3),語言學習(3),宗教命理(2),童書/青少年文學(2),親子教養(1),自然科普(1),,,,,,,,,,
2025-04-24 09:16:37,心理勵志(13),文學小說(11),商業理財(11),醫療保健(5),童書/青少年文學(4),親子教養(2),人文社科(2),語言學習(1),自然科普(1),,,,,,,,,,,
2025-04-24 11:07:44,心理勵志(16),商業理財(13),文學小說(5),童書/青少年文學(4),人文社科(4),親子教養(2),宗教命理(2),醫療保健(2),電腦資訊(1),限制級商品（需登入）(1),,,,,,,,,,
2025-04-24 12:22:33,心理勵志(15),商業理財(14),文學小說(5),童書/青少年文學(4),親子教養(3),人文社科(3),宗教命理(3),自然科普(1),電腦資訊(1),醫療保健(1),,,,,,,,,,
2025-04-24 13:20:03,心理勵志(14),商業理財(13),文學小說(7),親子教養(3),人文社科(3),童書/青少年文學(3),自然科普(2),宗教命理(2),電腦資訊(1),考試用書(1),醫療保健(1),,,,,,,,,
2025-04-24 14:26:42,商業理財(14),心理勵志(14),文學小說(6),人文社科(4),親子教養(3),童書/青少年文學(2),宗教命理(2),自然科普(1),電腦資訊(1),考試用書(1),醫療保健(1),限制級商品（需登入）(1),,,,,,,,
2025-04-24 15:19:48,心理勵志(15),商業理財(14),文學小說(6),人文社科(4),親子教養(3),童書/青少年文學(2),醫療保健(2),自然科普(1),電腦資訊(1),考試用書(1),宗教命理(1),,,,,,,,,
2025-04-24 16:25:03,心理勵志(15),商業理財(13),文學小說(6),人文社科(5),親子教養(3),醫療保健(2),電腦資訊(2),童書/青少年文學(1),自然科普(1),考試用書(1),宗教命理(1),,,,,,,,,
2025-04-24 17:21:17,商業理財(14),心理勵志(13),文學小說(6),人文社科(4),親子教養(3),童書/青少年文學(2),電腦資訊(2),醫療保健(2),自然科普(1),宗教命理(1),考試用書(1),限制級商品（需登入）(1),,,,,,,,
2025-04-24 18:20:52,心理勵志(15),商業理財(14),文學小說(5),人文社科(5),親子教養(3),醫療保健(2),電腦資訊(2),童書/青少年文學(1),自然科普(1),宗教命理(1),考試用書(1),,,,,,,,,
2025-04-24 19:17:22,心理勵志(15),商業理財(15),文學小說(5),人文社科(5),親子教養(3),電腦資訊(2),自然科普(1),童書/青少年文學(1),宗教命理(1),醫療保健(1),考試用書(1),,,,,,,,,
2025-04-24 20:35:53,商業理財(17),心理勵志(15),人文社科(5),文學小說(4),親子教養(3),自然科普(1),童書/青少年文學(1),電腦資訊(1),宗教命理(1),醫療保健(1),考試用書(1),,,,,,,,,
2025-04-24 21:30:51,心理勵志(16),商業理財(16),人文社科(5),文學小說(4),親子教養(3),自然科普(1),童書/青少年文學(1),電腦資訊(1),宗教命理(1),醫療保健(1),考試用書(1),,,,,,,,,
2025-04-24 22:18:12,商業理財(16),心理勵志(15),人文社科(5),文學小說(5),親子教養(3),宗教命理(2),醫療保健(1),自然科普(1),童書/青少年文學(1),電腦資訊(1),,,,,,,,,,
2025-04-24 23:20:46,心理勵志(17),商業理財(16),人文社科(5),文學小說(4),親子教養(2),宗教命理(2),醫療保健(1),自然科普(1),童書/青少年文學(1),電腦資訊(1),,,,,,,,,,
2025-04-25 00:23:33,心理勵志(13),商業理財(5),文學小說(5),語言學習(5),醫療保健(5),人文社科(5),童書/青少年文學(4),藝術設計(2),生活風格(1),電腦資訊(1),親子教養(1),宗教命理(1),影視偶像(1),專業/教科書/政府出版品(1),,,,,,
2025-04-25 01:18:00,文學小說(16),商業理財(7),童書/青少年文學(6),人文社科(4),心理勵志(4),語言學習(3),親子教養(2),宗教命理(2),醫療保健(2),生活風格(1),飲食(1),專業/教科書/政府出版品(1),電腦資訊(1),,,,,,,
2025-04-25 02:24:36,文學小說(17),商業理財(9),心理勵志(6),親子教養(4),人文社科(2),語言學習(2),童書/青少年文學(2),藝術設計(2),飲食(1),生活風格(1),影視偶像(1),醫療保健(1),宗教命理(1),專業/教科書/政府出版品(1),,,,,,
2025-04-25 03:17:06,文學小說(15),商業理財(10),心理勵志(6),親子教養(4),人文社科(3),生活風格(2),藝術設計(2),童書/青少年文學(2),飲食(1),語言學習(1),專業/教科書/政府出版品(1),影視偶像(1),醫療保健(1),宗教命理(1),,,,,,
2025-04-25 04:21:10,文學小說(15),商業理財(10),心理勵志(6),親子教養(4),生活風格(2),語言學習(2),人文社科(2),醫療保健(2),藝術設計(2),飲食(1),專業/教科書/政府出版品(1),童書/青少年文學(1),影視偶像(1),宗教命理(1),,,,,,
2025-04-25 05:19:15,文學小說(15),商業理財(10),心理勵志(7),親子教養(4),生活風格(2),語言學習(2),醫療保健(2),人文社科(2),藝術設計(2),飲食(1),專業/教科書/政府出版品(1),童書/青少年文學(1),影視偶像(1),,,,,,,
2025-04-25 06:19:00,文學小說(12),商業理財(11),心理勵志(8),親子教養(4),童書/青少年文學(3),生活風格(2),人文社科(2),藝術設計(2),語言學習(2),醫療保健(1),飲食(1),專業/教科書/政府出版品(1),影視偶像(1),,,,,,,
2025-04-25 07:18:48,文學小說(12),商業理財(11),心理勵志(6),童書/青少年文學(5),親子教養(4),人文社科(3),語言學習(3),醫療保健(2),生活風格(1),飲食(1),專業/教科書/政府出版品(1),藝術設計(1),,,,,,,,
2025-04-25 09:16:23,心理勵志(11),文學小說(10),商業理財(10),親子教養(4),童書/青少年文學(4),人文社科(3),語言學習(3),生活風格(1),飲食(1),醫療保健(1),專業/教科書/政府出版品(1),宗教命理(1),,,,,,,,
2025-04-25 11:07:35,文學小說(10),商業理財(8),心理勵志(8),童書/青少年文學(7),語言學習(4),親子教養(4),醫療保健(2),人文社科(2),宗教命理(2),生活風格(1),專業/教科書/政府出版品(1),飲食(1),,,,,,,,
2025-04-25 12:22:42,商業理財(9),文學小說(8),心理勵志(8),童書/青少年文學(6),語言學習(4),親子教養(4),專業/教科書/政府出版品(2),人文社科(2),醫療保健(2),生活風格(1),旅遊(1),電腦資訊(1),宗教命理(1),飲食(1),,,,,,
2025-04-25 13:19:38,心理勵志(10),文學小說(8),商業理財(8),童書/青少年文學(7),親子教養(4),語言學習(4),醫療保健(3),人文社科(2),生活風格(1),旅遊(1),電腦資訊(1),宗教命理(1),,,,,,,,
2025-04-25 14:26:05,心理勵志(10),文學小說(9),商業理財(8),童書/青少年文學(6),親子教養(4),語言學習(4),醫療保健(3),人文社科(2),生活風格(1),旅遊(1),電腦資訊(1),宗教命理(1),,,,,,,,
2025-04-25 15:19:19,心理勵志(10),文學小說(9),商業理財(8),童書/青少年文學(8),親子教養(4),語言學習(3),醫療保健(3),人文社科(2),旅遊(1),生活風格(1),電腦資訊(1),,,,,,,,,
2025-04-25 16:24:44,心理勵志(10),文學小說(9),商業理財(8),童書/青少年文學(6),親子教養(4),語言學習(3),宗教命理(2),醫療保健(2),人文社科(2),生活風格(1),旅遊(1),電腦資訊(1),考試用書(1),,,,,,,
2025-04-25 17:21:01,文學小說(9),心理勵志(9),商業理財(8),童書/青少年文學(7),親子教養(4),醫療保健(3),語言學習(3),人文社科(2),宗教命理(2),旅遊(1),生活風格(1),考試用書(1),,,,,,,,
2025-04-25 18:20:40,心理勵志(10),文學小說(9),商業理財(7),童書/青少年文學(7),親子教養(4),人文社科(3),語言學習(3),醫療保健(2),宗教命理(2),生活風格(1),旅遊(1),考試用書(1),,,,,,,,
2025-04-25 19:17:19,心理勵志(9),文學小說(8),商業理財(8),童書/青少年文學(8),人文社科(5),親子教養(4),語言學習(3),生活風格(1),旅遊(1),醫療保健(1),宗教命理(1),考試用書(1),,,,,,,,
2025-04-25 20:34:56,心理勵志(9),商業理財(8),童書/青少年文學(8),文學小說(7),人文社科(6),親子教養(4),語言學習(3),生活風格(1),旅遊(1),醫療保健(1),宗教命理(1),考試用書(1),,,,,,,,
2025-04-25 21:28:57,心理勵志(9),文學小說(8),童書/青少年文學(8),商業理財(7),人文社科(6),親子教養(4),語言學習(3),生活風格(1),旅遊(1),醫療保健(1),宗教命理(1),考試用書(1),,,,,,,,
2025-04-25 22:18:43,心理勵志(10),童書/青少年文學(8),文學小說(8),人文社科(7),商業理財(7),親子教養(4),語言學習(2),生活風格(1),旅遊(1),醫療保健(1),宗教命理(1),,,,,,,,,
2025-04-25 23:19:46,心理勵志(10),商業理財(8),文學小說(8),童書/青少年文學(8),人文社科(6),親子教養(4),語言學習(2),生活風格(1),旅遊(1),醫療保健(1),宗教命理(1),,,,,,,,,
2025-04-26 00:23:09,心理勵志(9),商業理財(8),文學小說(8),人文社科(4),宗教命理(4),限制級商品（需登入）(3),童書/青少年文學(3),親子教養(3),醫療保健(2),國中小參考書(2),語言學習(2),自然科普(1),生活風格(1),,,,,,,
2025-04-26 01:17:16,心理勵志(16),文學小說(9),商業理財(6),宗教命理(4),人文社科(3),語言學習(3),童書/青少年文學(3),電腦資訊(2),藝術設計(2),飲食(1),國中小參考書(1),,,,,,,,,
2025-04-26 02:24:45,商業理財(12),心理勵志(10),文學小說(7),人文社科(3),生活風格(3),語言學習(3),宗教命理(2),醫療保健(2),藝術設計(2),童書/青少年文學(1),飲食(1),電腦資訊(1),旅遊(1),專業/教科書/政府出版品(1),自然科普(1),,,,,
2025-04-26 03:16:41,商業理財(13),心理勵志(10),文學小說(5),語言學習(4),人文社科(3),宗教命理(3),生活風格(3),醫療保健(2),藝術設計(2),飲食(1),童書/青少年文學(1),電腦資訊(1),旅遊(1),專業/教科書/政府出版品(1),,,,,,
2025-04-26 04:20:21,商業理財(13),心理勵志(9),文學小說(6),語言學習(4),宗教命理(3),人文社科(3),童書/青少年文學(3),醫療保健(3),生活風格(2),飲食(1),電腦資訊(1),旅遊(1),藝術設計(1),,,,,,,
2025-04-26 05:18:18,商業理財(13),心理勵志(8),宗教命理(6),文學小說(6),人文社科(5),童書/青少年文學(3),生活風格(2),醫療保健(2),語言學習(2),飲食(1),電腦資訊(1),親子教養(1),,,,,,,,
2025-04-26 06:18:33,商業理財(14),心理勵志(9),人文社科(5),文學小說(4),童書/青少年文學(4),宗教命理(3),自然科普(2),生活風格(2),電腦資訊(2),語言學習(2),飲食(1),醫療保健(1),親子教養(1),,,,,,,
2025-04-26 07:18:33,商業理財(13),童書/青少年文學(10),心理勵志(7),人文社科(5),宗教命理(4),文學小說(4),自然科普(2),生活風格(2),飲食(1),醫療保健(1),電腦資訊(1),,,,,,,,,
2025-04-26 09:14:36,商業理財(10),心理勵志(7),文學小說(7),宗教命理(5),人文社科(5),童書/青少年文學(5),藝術設計(2),電腦資訊(2),生活風格(2),自然科普(1),親子教養(1),飲食(1),醫療保健(1),語言學習(1),,,,,,
2025-04-26 11:01:21,商業理財(8),心理勵志(8),文學小說(8),人文社科(6),宗教命理(5),童書/青少年文學(4),生活風格(2),藝術設計(2),電腦資訊(2),語言學習(1),自然科普(1),飲食(1),親子教養(1),醫療保健(1),,,,,,
2025-04-26 11:35:25,心理勵志(12),商業理財(7),文學小說(7),人文社科(6),宗教命理(5),童書/青少年文學(4),藝術設計(2),生活風格(2),自然科普(1),語言學習(1),親子教養(1),電腦資訊(1),醫療保健(1),,,,,,,
2025-04-26 12:21:26,心理勵志(12),商業理財(7),文學小說(7),人文社科(6),宗教命理(4),童書/青少年文學(4),藝術設計(2),語言學習(2),親子教養(2),生活風格(1),自然科普(1),限制級商品（需登入）(1),飲食(1),,,,,,,
2025-04-26 13:18:09,心理勵志(13),商業理財(7),文學小說(7),人文社科(5),童書/青少年文學(5),宗教命理(3),藝術設計(2),生活風格(2),親子教養(2),語言學習(1),電腦資訊(1),自然科普(1),飲食(1),,,,,,,
2025-04-26 14:24:13,心理勵志(13),商業理財(8),童書/青少年文學(6),文學小說(6),人文社科(5),宗教命理(3),藝術設計(2),親子教養(2),生活風格(1),語言學習(1),限制級商品（需登入）(1),電腦資訊(1),自然科普(1),,,,,,,
2025-04-26 15:17:54,心理勵志(11),商業理財(8),文學小說(7),童書/青少年文學(6),宗教命理(5),人文社科(5),藝術設計(2),親子教養(2),生活風格(1),語言學習(1),電腦資訊(1),飲食(1),,,,,,,,
2025-04-26 16:22:22,心理勵志(12),商業理財(8),文學小說(7),童書/青少年文學(6),人文社科(5),宗教命理(4),親子教養(3),藝術設計(1),生活風格(1),專業/教科書/政府出版品(1),電腦資訊(1),語言學習(1),,,,,,,,
2025-04-26 17:18:44,心理勵志(11),商業理財(8),文學小說(8),童書/青少年文學(6),人文社科(5),宗教命理(4),親子教養(3),藝術設計(1),生活風格(1),專業/教科書/政府出版品(1),語言學習(1),電腦資訊(1),,,,,,,,
2025-04-26 18:18:53,心理勵志(12),商業理財(10),童書/青少年文學(6),文學小說(5),人文社科(5),宗教命理(4),親子教養(3),語言學習(1),藝術設計(1),生活風格(1),專業/教科書/政府出版品(1),電腦資訊(1),,,,,,,,
2025-04-26 19:15:44,心理勵志(12),商業理財(9),童書/青少年文學(6),文學小說(6),宗教命理(5),人文社科(4),親子教養(3),語言學習(1),藝術設計(1),生活風格(1),專業/教科書/政府出版品(1),電腦資訊(1),,,,,,,,
2025-04-26 20:31:26,心理勵志(12),商業理財(9),人文社科(6),文學小說(6),宗教命理(5),童書/青少年文學(5),親子教養(2),語言學習(1),藝術設計(1),生活風格(1),專業/教科書/政府出版品(1),電腦資訊(1),,,,,,,,
2025-04-26 21:24:57,心理勵志(14),商業理財(9),宗教命理(5),人文社科(5),文學小說(5),童書/青少年文學(5),親子教養(2),語言學習(1),藝術設計(1),生活風格(1),專業/教科書/政府出版品(1),電腦資訊(1),,,,,,,,
2025-04-26 22:17:03,心理勵志(14),商業理財(9),童書/青少年文學(6),文學小說(6),宗教命理(5),人文社科(5),親子教養(2),語言學習(1),藝術設計(1),生活風格(1),,,,,,,,,,
2025-04-26 23:17:47,心理勵志(15),商業理財(9),文學小說(6),人文社科(6),童書/青少年文學(6),宗教命理(4),親子教養(2),語言學習(1),生活風格(1),,,,,,,,,,,
2025-04-27 00:21:32,商業理財(12),文學小說(10),心理勵志(9),宗教命理(4),生活風格(4),童書/青少年文學(4),醫療保健(2),旅遊(2),語言學習(2),人文社科(1),,,,,,,,,,
2025-04-27 01:16:15,童書/青少年文學(17),文學小說(11),商業理財(7),人文社科(5),心理勵志(3),宗教命理(2),專業/教科書/政府出版品(2),旅遊(1),親子教養(1),自然科普(1),,,,,,,,,,
2025-04-27 02:22:45,童書/青少年文學(14),文學小說(12),商業理財(11),人文社科(5),心理勵志(3),旅遊(1),宗教命理(1),醫療保健(1),限制級商品（需登入）(1),專業/教科書/政府出版品(1),,,,,,,,,,
2025-04-27 03:16:11,童書/青少年文學(16),文學小說(12),商業理財(11),人文社科(5),心理勵志(3),旅遊(1),限制級商品（需登入）(1),宗教命理(1),,,,,,,,,,,,
2025-04-27 04:19:17,童書/青少年文學(16),文學小說(12),商業理財(12),心理勵志(4),人文社科(4),旅遊(1),限制級商品（需登入）(1),,,,,,,,,,,,,
2025-04-27 05:17:16,童書/青少年文學(16),商業理財(11),文學小說(11),人文社科(5),心理勵志(4),旅遊(1),醫療保健(1),限制級商品（需登入）(1),,,,,,,,,,,,
2025-04-27 06:17:41,童書/青少年文學(16),商業理財(11),文學小說(11),人文社科(5),心理勵志(4),旅遊(1),醫療保健(1),限制級商品（需登入）(1),,,,,,,,,,,,
2025-04-27 07:17:33,童書/青少年文學(16),文學小說(12),商業理財(10),人文社科(4),醫療保健(3),心理勵志(3),旅遊(1),限制級商品（需登入）(1),,,,,,,,,,,,
2025-04-27 09:20:44,商業理財(11),文學小說(11),童書/青少年文學(11),語言學習(5),人文社科(4),心理勵志(3),醫療保健(2),旅遊(1),親子教養(1),宗教命理(1),,,,,,,,,,
2025-04-27 11:10:12,童書/青少年文學(11),商業理財(8),文學小說(8),心理勵志(7),語言學習(5),人文社科(5),醫療保健(3),旅遊(1),親子教養(1),宗教命理(1),,,,,,,,,,
2025-04-27 12:22:01,商業理財(10),童書/青少年文學(9),文學小說(8),心理勵志(8),語言學習(5),人文社科(4),醫療保健(3),旅遊(1),親子教養(1),宗教命理(1),,,,,,,,,,
2025-04-27 13:18:49,商業理財(11),心理勵志(9),童書/青少年文學(8),文學小說(7),人文社科(6),醫療保健(4),語言學習(2),旅遊(1),宗教命理(1),親子教養(1),,,,,,,,,,
2025-04-27 14:24:55,商業理財(11),心理勵志(10),童書/青少年文學(8),文學小說(8),人文社科(5),醫療保健(3),親子教養(2),旅遊(1),宗教命理(1),語言學習(1),,,,,,,,,,
2025-04-27 15:17:56,商業理財(10),心理勵志(10),童書/青少年文學(9),文學小說(8),人文社科(5),醫療保健(3),親子教養(2),旅遊(1),宗教命理(1),語言學習(1),,,,,,,,,,
2025-04-27 16:21:47,商業理財(10),心理勵志(10),童書/青少年文學(9),文學小說(8),人文社科(5),醫療保健(3),親子教養(2),旅遊(1),宗教命理(1),語言學習(1),,,,,,,,,,
2025-04-27 17:18:41,心理勵志(11),商業理財(10),童書/青少年文學(9),文學小說(8),人文社科(6),親子教養(2),醫療保健(2),宗教命理(1),旅遊(1),,,,,,,,,,,
2025-04-27 18:20:03,商業理財(11),心理勵志(10),童書/青少年文學(9),文學小說(8),人文社科(6),醫療保健(2),旅遊(1),宗教命理(1),親子教養(1),語言學習(1),,,,,,,,,,
2025-04-27 19:15:33,商業理財(11),心理勵志(10),童書/青少年文學(9),文學小說(8),人文社科(5),旅遊(2),親子教養(2),宗教命理(1),醫療保健(1),生活風格(1),,,,,,,,,,
2025-04-27 20:31:20,商業理財(11),心理勵志(10),童書/青少年文學(9),文學小說(8),人文社科(5),旅遊(2),醫療保健(2),親子教養(2),宗教命理(1),,,,,,,,,,,
2025-04-27 21:25:12,商業理財(12),心理勵志(10),文學小說(8),童書/青少年文學(8),人文社科(5),旅遊(2),醫療保健(2),親子教養(2),宗教命理(1),,,,,,,,,,,
2025-04-27 22:16:56,商業理財(12),心理勵志(10),童書/青少年文學(8),文學小說(7),人文社科(5),旅遊(2),親子教養(2),醫療保健(2),宗教命理(1),語言學習(1),,,,,,,,,,
2025-04-27 23:18:23,商業理財(11),心理勵志(10),童書/青少年文學(8),文學小說(8),人文社科(5),旅遊(2),醫療保健(2),親子教養(2),宗教命理(1),語言學習(1),,,,,,,,,,
2025-04-28 00:21:01,商業理財(12),童書/青少年文學(9),語言學習(7),心理勵志(7),文學小說(5),人文社科(4),宗教命理(2),藝術設計(1),國中小參考書(1),醫療保健(1),電腦資訊(1),,,,,,,,,
2025-04-28 01:17:49,文學小說(13),商業理財(10),心理勵志(9),語言學習(5),人文社科(4),童書/青少年文學(2),宗教命理(2),醫療保健(1),考試用書(1),電腦資訊(1),旅遊(1),專業/教科書/政府出版品(1),,,,,,,,
2025-04-28 02:22:47,商業理財(12),心理勵志(10),文學小說(10),童書/青少年文學(7),語言學習(4),人文社科(4),專業/教科書/政府出版品(1),醫療保健(1),考試用書(1),,,,,,,,,,,
2025-04-28 03:17:15,心理勵志(11),文學小說(11),商業理財(10),童書/青少年文學(8),語言學習(4),人文社科(3),專業/教科書/政府出版品(1),醫療保健(1),宗教命理(1),,,,,,,,,,,
2025-04-28 04:19:44,商業理財(13),文學小說(10),心理勵志(9),童書/青少年文學(8),語言學習(4),人文社科(3),專業/教科書/政府出版品(1),醫療保健(1),宗教命理(1),,,,,,,,,,,
2025-04-28 05:17:14,商業理財(11),心理勵志(8),文學小說(8),童書/青少年文學(8),人文社科(6),語言學習(5),醫療保健(1),專業/教科書/政府出版品(1),飲食(1),宗教命理(1),,,,,,,,,,
2025-04-28 06:17:46,商業理財(12),童書/青少年文學(10),心理勵志(6),語言學習(6),文學小說(6),人文社科(6),宗教命理(2),專業/教科書/政府出版品(1),醫療保健(1),,,,,,,,,,,
2025-04-28 07:18:31,商業理財(11),童書/青少年文學(10),心理勵志(9),文學小說(6),語言學習(6),人文社科(4),宗教命理(2),專業/教科書/政府出版品(1),醫療保健(1),,,,,,,,,,,
2025-04-28 09:18:22,商業理財(11),童書/青少年文學(9),心理勵志(8),文學小說(7),人文社科(4),宗教命理(3),語言學習(3),親子教養(2),生活風格(1),專業/教科書/政府出版品(1),醫療保健(1),,,,,,,,,
2025-04-28 11:11:52,商業理財(12),文學小說(11),心理勵志(7),童書/青少年文學(5),人文社科(4),生活風格(2),專業/教科書/政府出版品(2),宗教命理(2),親子教養(2),藝術設計(1),語言學習(1),醫療保健(1),,,,,,,,
2025-04-28 12:23:21,商業理財(16),文學小說(10),心理勵志(7),人文社科(4),童書/青少年文學(4),專業/教科書/政府出版品(2),生活風格(2),宗教命理(2),旅遊(1),藝術設計(1),親子教養(1),,,,,,,,,
2025-04-28 13:25:41,商業理財(13),心理勵志(9),文學小說(9),人文社科(5),童書/青少年文學(4),專業/教科書/政府出版品(2),生活風格(2),宗教命理(2),旅遊(1),親子教養(1),藝術設計(1),語言學習(1),,,,,,,,
